policy_branch_id,policy_id,branch_id,effective_date,expiry_date
1,1,14,2022-03-29,2027-03-28
2,1,3,2022-01-01,2026-12-31
3,1,81,2022-01-01,2026-12-31
4,1,83,2022-01-01,2026-12-31
5,1,50,2022-01-01,2026-12-31
6,1,43,2022-01-01,2026-12-31
7,1,26,2022-01-01,2026-12-31
8,1,20,2022-01-01,2026-12-31
9,1,30,2022-01-01,2026-12-31
10,1,99,2022-01-01,2026-12-31
11,1,69,2022-06-15,2027-06-14
12,1,67,2022-01-01,2026-12-31
13,1,93,2022-01-01,2026-12-31
14,1,5,2022-02-23,2027-02-22
15,1,13,2022-01-01,2026-12-31
16,1,22,2022-01-01,2026-12-31
17,1,79,2022-01-01,2026-12-31
18,1,91,2022-01-01,2026-12-31
19,1,8,2022-01-01,2026-12-31
20,1,47,2022-01-01,2026-12-31
21,1,45,2022-01-01,2026-12-31
22,1,57,2022-01-01,2026-12-31
23,1,28,2022-01-01,2026-12-31
24,1,58,2022-01-01,2026-12-31
25,1,86,2022-01-01,2026-12-31
26,1,64,2022-01-01,2026-12-31
27,1,11,2022-01-01,2026-12-31
28,1,31,2022-01-01,2026-12-31
29,1,17,2022-01-01,2026-12-31
30,1,97,2022-01-01,2026-12-31
31,2,55,2022-01-01,2026-12-31
32,2,53,2022-01-01,2026-12-31
33,2,58,2022-06-21,2027-06-20
34,2,11,2022-06-10,2027-06-09
35,2,29,2022-04-11,2027-04-10
36,2,100,2022-01-01,2026-12-31
37,2,85,2022-01-01,2026-12-31
38,2,91,2022-01-01,2026-12-31
39,2,35,2022-01-01,2026-12-31
40,2,93,2022-01-01,2026-12-31
41,2,45,2022-01-01,2026-12-31
42,2,31,2022-01-01,2026-12-31
43,2,57,2022-03-05,2027-03-04
44,2,65,2022-01-01,2026-12-31
45,2,86,2022-01-01,2026-12-31
46,2,74,2022-03-02,2027-03-01
47,2,44,2022-01-01,2026-12-31
48,2,33,2022-04-08,2027-04-07
49,2,84,2022-01-01,2026-12-31
50,2,97,2022-01-01,2026-12-31
51,3,88,2022-04-29,2027-04-28
52,3,77,2022-01-01,2026-12-31
53,3,16,2022-01-01,2026-12-31
54,3,82,2022-01-01,2026-12-31
55,3,90,2022-03-13,2027-03-12
56,3,37,2022-01-01,2026-12-31
57,3,61,2022-01-01,2026-12-31
58,3,74,2022-01-01,2026-12-31
59,3,78,2022-01-01,2026-12-31
60,3,45,2022-02-10,2027-02-09
61,3,24,2022-05-30,2027-05-29
62,3,75,2022-03-09,2027-03-08
63,3,68,2022-02-13,2027-02-12
64,3,71,2022-01-01,2026-12-31
65,3,13,2022-01-01,2026-12-31
66,3,67,2022-01-01,2026-12-31
67,3,39,2022-02-17,2027-02-16
68,3,76,2022-01-01,2026-12-31
69,3,98,2022-01-01,2026-12-31
70,3,21,2022-01-01,2026-12-31
71,3,36,2022-03-21,2027-03-20
72,3,73,2022-01-01,2026-12-31
73,3,89,2022-01-01,2026-12-31
74,3,50,2022-03-01,2027-02-28
75,3,56,2022-01-01,2026-12-31
76,3,51,2022-03-09,2027-03-08
77,3,48,2022-01-01,2026-12-31
78,3,91,2022-01-01,2026-12-31
79,3,53,2022-04-08,2027-04-07
80,3,100,2022-01-01,2026-12-31
81,4,96,2022-01-01,2026-12-31
82,4,56,2022-01-01,2026-12-31
83,4,3,2022-01-01,2026-12-31
84,4,5,2022-01-01,2026-12-31
85,4,4,2022-01-01,2026-12-31
86,4,80,2022-01-01,2026-12-31
87,4,95,2022-01-01,2026-12-31
88,4,81,2022-01-01,2026-12-31
89,4,47,2022-01-01,2026-12-31
90,4,83,2022-01-01,2026-12-31
91,4,35,2022-01-01,2026-12-31
92,4,40,2022-01-01,2026-12-31
93,4,76,2022-01-01,2026-12-31
94,4,38,2022-01-01,2026-12-31
95,4,17,2022-01-01,2026-12-31
96,4,71,2022-01-01,2026-12-31
97,4,9,2022-05-20,2027-05-19
98,4,55,2022-01-01,2026-12-31
99,4,77,2022-01-01,2026-12-31
100,4,63,2022-01-01,2026-12-31
101,4,28,2022-05-08,2027-05-07
102,4,93,2022-01-01,2026-12-31
103,4,53,2022-01-01,2026-12-31
104,4,70,2022-06-08,2027-06-07
105,4,12,2022-01-01,2026-12-31
106,4,14,2022-01-01,2026-12-31
107,4,6,2022-01-01,2026-12-31
108,4,42,2022-01-01,2026-12-31
109,4,2,2022-01-01,2026-12-31
110,4,65,2022-01-01,2026-12-31
111,5,1,2022-01-01,2026-12-31
112,5,37,2022-01-01,2026-12-31
113,5,91,2022-02-27,2027-02-26
114,5,9,2022-01-01,2026-12-31
115,5,33,2022-01-01,2026-12-31
116,5,67,2022-01-01,2026-12-31
117,5,19,2022-01-01,2026-12-31
118,5,85,2022-01-01,2026-12-31
119,5,78,2022-01-01,2026-12-31
120,5,29,2022-01-01,2026-12-31
121,5,72,2022-01-01,2026-12-31
122,5,41,2022-01-01,2026-12-31
123,5,83,2022-01-01,2026-12-31
124,5,15,2022-01-01,2026-12-31
125,5,23,2022-01-01,2026-12-31
126,5,32,2022-01-01,2026-12-31
127,5,28,2022-04-20,2027-04-19
128,5,64,2022-01-01,2026-12-31
129,5,51,2022-01-01,2026-12-31
130,5,34,2022-01-01,2026-12-31
131,5,3,2022-01-01,2026-12-31
132,5,27,2022-01-01,2026-12-31
133,5,59,2022-01-01,2026-12-31
134,5,14,2022-01-01,2026-12-31
135,5,93,2022-01-01,2026-12-31
136,5,7,2022-01-01,2026-12-31
137,5,77,2022-01-01,2026-12-31
138,5,17,2022-01-01,2026-12-31
139,5,61,2022-01-01,2026-12-31
140,5,12,2022-01-01,2026-12-31
141,5,45,2022-01-01,2026-12-31
142,5,26,2022-04-08,2027-04-07
143,5,86,2022-01-01,2026-12-31
144,5,99,2022-01-01,2026-12-31
145,5,56,2022-01-01,2026-12-31
146,5,8,2022-03-01,2027-02-28
147,5,35,2022-01-01,2026-12-31
148,5,79,2022-01-01,2026-12-31
149,5,18,2022-01-01,2026-12-31
150,5,2,2022-01-01,2026-12-31
151,6,61,2022-04-05,2027-04-04
152,6,45,2022-01-01,2026-12-31
153,6,47,2022-01-01,2026-12-31
154,6,81,2022-01-01,2026-12-31
155,6,68,2022-03-08,2027-03-07
156,6,65,2022-01-01,2026-12-31
157,6,80,2022-01-01,2026-12-31
158,6,63,2022-01-01,2026-12-31
159,6,26,2022-05-01,2027-04-30
160,6,7,2022-01-01,2026-12-31
161,6,73,2022-04-20,2027-04-19
162,6,16,2022-01-01,2026-12-31
163,6,24,2022-01-01,2026-12-31
164,6,89,2022-04-23,2027-04-22
165,6,93,2022-02-24,2027-02-23
166,7,1,2023-10-04,2024-01-03
167,7,2,2023-09-04,2023-12-04
168,7,3,2023-06-01,2023-08-31
169,7,4,2023-06-01,2023-08-31
170,7,5,2023-06-01,2023-08-31
171,7,6,2023-06-01,2023-08-31
172,7,7,2023-06-01,2023-08-31
173,7,8,2023-06-01,2023-08-31
174,7,9,2023-11-16,2024-02-15
175,7,10,2023-06-01,2023-08-31
176,7,11,2023-06-01,2023-08-31
177,7,12,2023-11-20,2024-02-19
178,7,13,2023-06-01,2023-08-31
179,7,14,2023-06-01,2023-08-31
180,7,15,2023-06-01,2023-08-31
181,7,16,2023-06-01,2023-08-31
182,7,17,2023-06-01,2023-08-31
183,7,18,2023-06-01,2023-08-31
184,7,19,2023-06-01,2023-08-31
185,7,20,2023-09-04,2023-12-04
186,7,21,2023-06-01,2023-08-31
187,7,22,2023-06-01,2023-08-31
188,7,23,2023-06-01,2023-08-31
189,7,24,2023-06-01,2023-08-31
190,7,25,2023-06-01,2023-08-31
191,7,26,2023-06-01,2023-08-31
192,7,27,2023-06-01,2023-08-31
193,7,28,2023-06-01,2023-08-31
194,7,29,2023-06-01,2023-08-31
195,7,30,2023-06-01,2023-08-31
196,7,31,2023-06-01,2023-08-31
197,7,32,2023-09-22,2023-12-22
198,7,33,2023-06-01,2023-08-31
199,7,34,2023-06-01,2023-08-31
200,7,35,2023-06-01,2023-08-31
201,7,36,2023-06-01,2023-08-31
202,7,37,2023-06-01,2023-08-31
203,7,38,2023-06-01,2023-08-31
204,7,39,2023-06-01,2023-08-31
205,7,40,2023-06-01,2023-08-31
206,7,41,2023-06-01,2023-08-31
207,7,42,2023-06-01,2023-08-31
208,7,43,2023-06-01,2023-08-31
209,7,44,2023-06-01,2023-08-31
210,7,45,2023-06-01,2023-08-31
211,7,46,2023-06-01,2023-08-31
212,7,47,2023-06-01,2023-08-31
213,7,48,2023-06-01,2023-08-31
214,7,49,2023-06-01,2023-08-31
215,7,50,2023-06-01,2023-08-31
216,7,51,2023-06-01,2023-08-31
217,7,52,2023-06-01,2023-08-31
218,7,53,2023-10-25,2024-01-24
219,7,54,2023-06-01,2023-08-31
220,7,55,2023-06-01,2023-08-31
221,7,56,2023-06-01,2023-08-31
222,7,57,2023-06-01,2023-08-31
223,7,58,2023-07-22,2023-10-21
224,7,59,2023-06-01,2023-08-31
225,7,60,2023-06-01,2023-08-31
226,7,61,2023-06-01,2023-08-31
227,7,62,2023-10-13,2024-01-12
228,7,63,2023-06-01,2023-08-31
229,7,64,2023-06-01,2023-08-31
230,7,65,2023-06-01,2023-08-31
231,7,66,2023-06-01,2023-08-31
232,7,67,2023-08-25,2023-11-24
233,7,68,2023-06-01,2023-08-31
234,7,69,2023-06-01,2023-08-31
235,7,70,2023-06-01,2023-08-31
236,7,71,2023-06-01,2023-08-31
237,7,72,2023-10-15,2024-01-14
238,7,73,2023-10-12,2024-01-11
239,7,74,2023-06-01,2023-08-31
240,7,75,2023-06-01,2023-08-31
241,7,76,2023-06-01,2023-08-31
242,7,77,2023-06-01,2023-08-31
243,7,78,2023-06-01,2023-08-31
244,7,79,2023-06-01,2023-08-31
245,7,80,2023-06-01,2023-08-31
246,7,81,2023-09-09,2023-12-09
247,7,82,2023-06-01,2023-08-31
248,7,83,2023-06-01,2023-08-31
249,7,84,2023-06-01,2023-08-31
250,7,85,2023-06-01,2023-08-31
251,7,86,2023-06-01,2023-08-31
252,7,87,2023-07-20,2023-10-19
253,7,88,2023-06-01,2023-08-31
254,7,89,2023-06-01,2023-08-31
255,7,90,2023-06-01,2023-08-31
256,7,91,2023-06-01,2023-08-31
257,7,92,2023-08-16,2023-11-15
258,7,93,2023-06-01,2023-08-31
259,7,94,2023-06-01,2023-08-31
260,7,95,2023-06-01,2023-08-31
261,7,96,2023-07-10,2023-10-09
262,7,97,2023-10-03,2024-01-02
263,7,98,2023-06-01,2023-08-31
264,7,99,2023-06-01,2023-08-31
265,7,100,2023-06-01,2023-08-31
266,8,1,2024-06-01,2024-08-31
267,8,2,2024-06-01,2024-08-31
268,8,3,2024-06-01,2024-08-31
269,8,4,2024-06-01,2024-08-31
270,8,5,2024-06-01,2024-08-31
271,8,6,2024-06-01,2024-08-31
272,8,7,2024-06-01,2024-08-31
273,8,8,2024-06-01,2024-08-31
274,8,9,2024-11-07,2025-02-06
275,8,10,2024-06-01,2024-08-31
276,8,11,2024-06-01,2024-08-31
277,8,12,2024-06-01,2024-08-31
278,8,13,2024-09-08,2024-12-08
279,8,14,2024-06-01,2024-08-31
280,8,15,2024-06-01,2024-08-31
281,8,16,2024-06-01,2024-08-31
282,8,17,2024-06-01,2024-08-31
283,8,18,2024-06-01,2024-08-31
284,8,19,2024-10-22,2025-01-21
285,8,20,2024-06-01,2024-08-31
286,8,21,2024-06-01,2024-08-31
287,8,22,2024-06-01,2024-08-31
288,8,23,2024-11-01,2025-01-31
289,8,24,2024-09-24,2024-12-24
290,8,25,2024-06-01,2024-08-31
291,8,26,2024-06-01,2024-08-31
292,8,27,2024-06-01,2024-08-31
293,8,28,2024-06-01,2024-08-31
294,8,29,2024-06-01,2024-08-31
295,8,30,2024-06-01,2024-08-31
296,8,31,2024-06-01,2024-08-31
297,8,32,2024-06-01,2024-08-31
298,8,33,2024-06-01,2024-08-31
299,8,34,2024-06-01,2024-08-31
300,8,35,2024-10-18,2025-01-17
301,8,36,2024-11-09,2025-02-08
302,8,37,2024-06-01,2024-08-31
303,8,38,2024-06-01,2024-08-31
304,8,39,2024-06-01,2024-08-31
305,8,40,2024-06-01,2024-08-31
306,8,41,2024-10-23,2025-01-22
307,8,42,2024-06-01,2024-08-31
308,8,43,2024-11-04,2025-02-03
309,8,44,2024-08-29,2024-11-28
310,8,45,2024-06-01,2024-08-31
311,8,46,2024-06-01,2024-08-31
312,8,47,2024-06-01,2024-08-31
313,8,48,2024-06-01,2024-08-31
314,8,49,2024-09-01,2024-12-01
315,8,50,2024-06-01,2024-08-31
316,8,51,2024-06-01,2024-08-31
317,8,52,2024-06-01,2024-08-31
318,8,53,2024-06-01,2024-08-31
319,8,54,2024-06-01,2024-08-31
320,8,55,2024-06-01,2024-08-31
321,8,56,2024-06-01,2024-08-31
322,8,57,2024-06-01,2024-08-31
323,8,58,2024-06-01,2024-08-31
324,8,59,2024-06-01,2024-08-31
325,8,60,2024-08-29,2024-11-28
326,8,61,2024-06-01,2024-08-31
327,8,62,2024-06-01,2024-08-31
328,8,63,2024-10-16,2025-01-15
329,8,64,2024-06-01,2024-08-31
330,8,65,2024-06-01,2024-08-31
331,8,66,2024-06-01,2024-08-31
332,8,67,2024-06-01,2024-08-31
333,8,68,2024-06-01,2024-08-31
334,8,69,2024-06-01,2024-08-31
335,8,70,2024-06-01,2024-08-31
336,8,71,2024-06-01,2024-08-31
337,8,72,2024-06-01,2024-08-31
338,8,73,2024-06-01,2024-08-31
339,8,74,2024-08-29,2024-11-28
340,8,75,2024-06-01,2024-08-31
341,8,76,2024-06-01,2024-08-31
342,8,77,2024-06-01,2024-08-31
343,8,78,2024-06-01,2024-08-31
344,8,79,2024-06-01,2024-08-31
345,8,80,2024-06-01,2024-08-31
346,8,81,2024-06-01,2024-08-31
347,8,82,2024-06-01,2024-08-31
348,8,83,2024-06-01,2024-08-31
349,8,84,2024-10-30,2025-01-29
350,8,85,2024-06-01,2024-08-31
351,8,86,2024-07-18,2024-10-17
352,8,87,2024-08-06,2024-11-05
353,8,88,2024-06-01,2024-08-31
354,8,89,2024-06-01,2024-08-31
355,8,90,2024-06-01,2024-08-31
356,8,91,2024-06-01,2024-08-31
357,8,92,2024-06-01,2024-08-31
358,8,93,2024-08-01,2024-10-31
359,8,94,2024-06-01,2024-08-31
360,8,95,2024-06-01,2024-08-31
361,8,96,2024-06-01,2024-08-31
362,8,97,2024-06-01,2024-08-31
363,8,98,2024-11-10,2025-02-09
364,8,99,2024-06-01,2024-08-31
365,8,100,2024-06-01,2024-08-31
366,9,1,2025-06-01,2025-08-31
367,9,2,2025-06-01,2025-08-31
368,9,3,2025-06-01,2025-08-31
369,9,4,2025-06-01,2025-08-31
370,9,5,2025-06-01,2025-08-31
371,9,6,2025-06-01,2025-08-31
372,9,7,2025-10-17,2026-01-16
373,9,8,2025-06-01,2025-08-31
374,9,9,2025-06-01,2025-08-31
375,9,10,2025-06-01,2025-08-31
376,9,11,2025-06-01,2025-08-31
377,9,12,2025-06-01,2025-08-31
378,9,13,2025-11-21,2026-02-20
379,9,14,2025-06-01,2025-08-31
380,9,15,2025-06-01,2025-08-31
381,9,16,2025-09-09,2025-12-09
382,9,17,2025-06-01,2025-08-31
383,9,18,2025-08-18,2025-11-17
384,9,19,2025-06-01,2025-08-31
385,9,20,2025-06-01,2025-08-31
386,9,21,2025-06-01,2025-08-31
387,9,22,2025-06-01,2025-08-31
388,9,23,2025-06-01,2025-08-31
389,9,24,2025-09-05,2025-12-05
390,9,25,2025-09-22,2025-12-22
391,9,26,2025-06-01,2025-08-31
392,9,27,2025-06-01,2025-08-31
393,9,28,2025-06-01,2025-08-31
394,9,29,2025-06-01,2025-08-31
395,9,30,2025-06-01,2025-08-31
396,9,31,2025-06-01,2025-08-31
397,9,32,2025-06-01,2025-08-31
398,9,33,2025-09-14,2025-12-14
399,9,34,2025-06-01,2025-08-31
400,9,35,2025-09-07,2025-12-07
401,9,36,2025-08-14,2025-11-13
402,9,37,2025-06-01,2025-08-31
403,9,38,2025-06-01,2025-08-31
404,9,39,2025-06-01,2025-08-31
405,9,40,2025-06-01,2025-08-31
406,9,41,2025-06-01,2025-08-31
407,9,42,2025-06-01,2025-08-31
408,9,43,2025-06-01,2025-08-31
409,9,44,2025-06-01,2025-08-31
410,9,45,2025-08-30,2025-11-29
411,9,46,2025-11-05,2026-02-04
412,9,47,2025-09-29,2025-12-29
413,9,48,2025-06-01,2025-08-31
414,9,49,2025-10-10,2026-01-09
415,9,50,2025-06-01,2025-08-31
416,9,51,2025-06-01,2025-08-31
417,9,52,2025-06-01,2025-08-31
418,9,53,2025-06-01,2025-08-31
419,9,54,2025-06-01,2025-08-31
420,9,55,2025-07-21,2025-10-20
421,9,56,2025-06-01,2025-08-31
422,9,57,2025-06-01,2025-08-31
423,9,58,2025-06-01,2025-08-31
424,9,59,2025-06-01,2025-08-31
425,9,60,2025-06-01,2025-08-31
426,9,61,2025-10-04,2026-01-03
427,9,62,2025-06-01,2025-08-31
428,9,63,2025-06-01,2025-08-31
429,9,64,2025-09-27,2025-12-27
430,9,65,2025-06-01,2025-08-31
431,9,66,2025-06-01,2025-08-31
432,9,67,2025-06-01,2025-08-31
433,9,68,2025-06-01,2025-08-31
434,9,69,2025-06-01,2025-08-31
435,9,70,2025-06-01,2025-08-31
436,9,71,2025-06-01,2025-08-31
437,9,72,2025-06-01,2025-08-31
438,9,73,2025-06-01,2025-08-31
439,9,74,2025-06-01,2025-08-31
440,9,75,2025-06-01,2025-08-31
441,9,76,2025-06-01,2025-08-31
442,9,77,2025-06-01,2025-08-31
443,9,78,2025-06-01,2025-08-31
444,9,79,2025-06-01,2025-08-31
445,9,80,2025-06-01,2025-08-31
446,9,81,2025-06-01,2025-08-31
447,9,82,2025-06-01,2025-08-31
448,9,83,2025-08-21,2025-11-20
449,9,84,2025-06-01,2025-08-31
450,9,85,2025-07-01,2025-09-30
451,9,86,2025-06-01,2025-08-31
452,9,87,2025-06-01,2025-08-31
453,9,88,2025-06-01,2025-08-31
454,9,89,2025-06-01,2025-08-31
455,9,90,2025-06-01,2025-08-31
456,9,91,2025-06-01,2025-08-31
457,9,92,2025-06-01,2025-08-31
458,9,93,2025-06-01,2025-08-31
459,9,94,2025-11-09,2026-02-08
460,9,95,2025-06-01,2025-08-31
461,9,96,2025-06-01,2025-08-31
462,9,97,2025-06-01,2025-08-31
463,9,98,2025-06-01,2025-08-31
464,9,99,2025-06-01,2025-08-31
465,9,100,2025-06-01,2025-08-31
466,10,1,2023-02-20,2023-04-06
467,10,2,2023-01-01,2023-02-15
468,10,3,2023-06-16,2023-07-31
469,10,4,2023-01-01,2023-02-15
470,10,5,2023-04-25,2023-06-09
471,10,6,2023-01-01,2023-02-15
472,10,7,2023-01-01,2023-02-15
473,10,8,2023-01-01,2023-02-15
474,10,9,2023-01-01,2023-02-15
475,10,10,2023-04-21,2023-06-05
476,10,11,2023-01-01,2023-02-15
477,10,12,2023-01-01,2023-02-15
478,10,13,2023-01-01,2023-02-15
479,10,14,2023-01-01,2023-02-15
480,10,15,2023-01-01,2023-02-15
481,10,16,2023-01-01,2023-02-15
482,10,17,2023-01-01,2023-02-15
483,10,18,2023-01-01,2023-02-15
484,10,19,2023-06-27,2023-08-11
485,10,20,2023-01-01,2023-02-15
486,10,21,2023-01-01,2023-02-15
487,10,22,2023-01-01,2023-02-15
488,10,23,2023-01-01,2023-02-15
489,10,24,2023-01-01,2023-02-15
490,10,25,2023-06-14,2023-07-29
491,10,26,2023-01-01,2023-02-15
492,10,27,2023-01-01,2023-02-15
493,10,28,2023-01-01,2023-02-15
494,10,29,2023-01-01,2023-02-15
495,10,30,2023-01-01,2023-02-15
496,10,31,2023-01-01,2023-02-15
497,10,32,2023-01-01,2023-02-15
498,10,33,2023-01-01,2023-02-15
499,10,34,2023-01-01,2023-02-15
500,10,35,2023-03-11,2023-04-25
501,10,36,2023-01-01,2023-02-15
502,10,37,2023-02-25,2023-04-11
503,10,38,2023-01-01,2023-02-15
504,10,39,2023-04-08,2023-05-23
505,10,40,2023-01-01,2023-02-15
506,10,41,2023-01-01,2023-02-15
507,10,42,2023-01-01,2023-02-15
508,10,43,2023-01-01,2023-02-15
509,10,44,2023-01-01,2023-02-15
510,10,45,2023-01-01,2023-02-15
511,10,46,2023-06-14,2023-07-29
512,10,47,2023-01-01,2023-02-15
513,10,48,2023-01-01,2023-02-15
514,10,49,2023-01-01,2023-02-15
515,10,50,2023-01-01,2023-02-15
516,10,51,2023-01-01,2023-02-15
517,10,52,2023-01-01,2023-02-15
518,10,53,2023-01-01,2023-02-15
519,10,54,2023-01-01,2023-02-15
520,10,55,2023-01-01,2023-02-15
521,10,56,2023-01-01,2023-02-15
522,10,57,2023-01-01,2023-02-15
523,10,58,2023-06-17,2023-08-01
524,10,59,2023-01-01,2023-02-15
525,10,60,2023-01-01,2023-02-15
526,10,61,2023-01-01,2023-02-15
527,10,62,2023-06-24,2023-08-08
528,10,63,2023-01-01,2023-02-15
529,10,64,2023-01-01,2023-02-15
530,10,65,2023-01-01,2023-02-15
531,10,66,2023-01-01,2023-02-15
532,10,67,2023-01-01,2023-02-15
533,10,68,2023-02-16,2023-04-02
534,10,69,2023-01-01,2023-02-15
535,10,70,2023-01-01,2023-02-15
536,10,71,2023-01-01,2023-02-15
537,10,72,2023-01-01,2023-02-15
538,10,73,2023-01-01,2023-02-15
539,10,74,2023-01-01,2023-02-15
540,10,75,2023-01-01,2023-02-15
541,10,76,2023-01-01,2023-02-15
542,10,77,2023-01-01,2023-02-15
543,10,78,2023-01-01,2023-02-15
544,10,79,2023-01-01,2023-02-15
545,10,80,2023-01-01,2023-02-15
546,10,81,2023-01-01,2023-02-15
547,10,82,2023-01-01,2023-02-15
548,10,83,2023-01-01,2023-02-15
549,10,84,2023-01-01,2023-02-15
550,10,85,2023-01-01,2023-02-15
551,10,86,2023-03-09,2023-04-23
552,10,87,2023-03-02,2023-04-16
553,10,88,2023-01-01,2023-02-15
554,10,89,2023-01-01,2023-02-15
555,10,90,2023-01-01,2023-02-15
556,10,91,2023-01-01,2023-02-15
557,10,92,2023-01-01,2023-02-15
558,10,93,2023-06-02,2023-07-17
559,10,94,2023-01-01,2023-02-15
560,10,95,2023-01-01,2023-02-15
561,10,96,2023-01-01,2023-02-15
562,10,97,2023-01-01,2023-02-15
563,10,98,2023-01-01,2023-02-15
564,10,99,2023-04-11,2023-05-26
565,10,100,2023-06-26,2023-08-10
566,11,1,2024-01-01,2024-02-15
567,11,2,2024-01-01,2024-02-15
568,11,3,2024-01-01,2024-02-15
569,11,4,2024-01-01,2024-02-15
570,11,5,2024-06-26,2024-08-10
571,11,6,2024-01-01,2024-02-15
572,11,7,2024-06-18,2024-08-02
573,11,8,2024-01-01,2024-02-15
574,11,9,2024-01-01,2024-02-15
575,11,10,2024-01-01,2024-02-15
576,11,11,2024-01-01,2024-02-15
577,11,12,2024-01-01,2024-02-15
578,11,13,2024-03-11,2024-04-25
579,11,14,2024-01-01,2024-02-15
580,11,15,2024-01-01,2024-02-15
581,11,16,2024-01-01,2024-02-15
582,11,17,2024-01-01,2024-02-15
583,11,18,2024-04-09,2024-05-24
584,11,19,2024-01-01,2024-02-15
585,11,20,2024-01-01,2024-02-15
586,11,21,2024-01-01,2024-02-15
587,11,22,2024-01-01,2024-02-15
588,11,23,2024-01-01,2024-02-15
589,11,24,2024-01-01,2024-02-15
590,11,25,2024-06-14,2024-07-29
591,11,26,2024-01-01,2024-02-15
592,11,27,2024-01-01,2024-02-15
593,11,28,2024-04-02,2024-05-17
594,11,29,2024-01-01,2024-02-15
595,11,30,2024-01-01,2024-02-15
596,11,31,2024-01-01,2024-02-15
597,11,32,2024-01-01,2024-02-15
598,11,33,2024-01-01,2024-02-15
599,11,34,2024-01-01,2024-02-15
600,11,35,2024-01-01,2024-02-15
601,11,36,2024-01-01,2024-02-15
602,11,37,2024-01-01,2024-02-15
603,11,38,2024-01-01,2024-02-15
604,11,39,2024-01-01,2024-02-15
605,11,40,2024-01-01,2024-02-15
606,11,41,2024-06-18,2024-08-02
607,11,42,2024-01-01,2024-02-15
608,11,43,2024-01-01,2024-02-15
609,11,44,2024-01-01,2024-02-15
610,11,45,2024-01-01,2024-02-15
611,11,46,2024-01-01,2024-02-15
612,11,47,2024-01-01,2024-02-15
613,11,48,2024-01-01,2024-02-15
614,11,49,2024-03-29,2024-05-13
615,11,50,2024-01-01,2024-02-15
616,11,51,2024-01-01,2024-02-15
617,11,52,2024-01-01,2024-02-15
618,11,53,2024-01-01,2024-02-15
619,11,54,2024-01-01,2024-02-15
620,11,55,2024-01-01,2024-02-15
621,11,56,2024-01-01,2024-02-15
622,11,57,2024-01-01,2024-02-15
623,11,58,2024-05-03,2024-06-17
624,11,59,2024-01-01,2024-02-15
625,11,60,2024-01-01,2024-02-15
626,11,61,2024-01-01,2024-02-15
627,11,62,2024-02-27,2024-04-12
628,11,63,2024-01-01,2024-02-15
629,11,64,2024-01-01,2024-02-15
630,11,65,2024-06-23,2024-08-07
631,11,66,2024-03-13,2024-04-27
632,11,67,2024-01-01,2024-02-15
633,11,68,2024-01-01,2024-02-15
634,11,69,2024-05-30,2024-07-14
635,11,70,2024-01-01,2024-02-15
636,11,71,2024-01-01,2024-02-15
637,11,72,2024-01-01,2024-02-15
638,11,73,2024-01-01,2024-02-15
639,11,74,2024-01-01,2024-02-15
640,11,75,2024-01-01,2024-02-15
641,11,76,2024-01-01,2024-02-15
642,11,77,2024-01-01,2024-02-15
643,11,78,2024-01-01,2024-02-15
644,11,79,2024-01-01,2024-02-15
645,11,80,2024-01-01,2024-02-15
646,11,81,2024-05-05,2024-06-19
647,11,82,2024-01-01,2024-02-15
648,11,83,2024-01-01,2024-02-15
649,11,84,2024-01-01,2024-02-15
650,11,85,2024-01-01,2024-02-15
651,11,86,2024-01-01,2024-02-15
652,11,87,2024-03-03,2024-04-17
653,11,88,2024-01-01,2024-02-15
654,11,89,2024-05-06,2024-06-20
655,11,90,2024-04-03,2024-05-18
656,11,91,2024-01-01,2024-02-15
657,11,92,2024-01-01,2024-02-15
658,11,93,2024-01-01,2024-02-15
659,11,94,2024-01-01,2024-02-15
660,11,95,2024-01-01,2024-02-15
661,11,96,2024-01-01,2024-02-15
662,11,97,2024-01-01,2024-02-15
663,11,98,2024-01-01,2024-02-15
664,11,99,2024-01-01,2024-02-15
665,11,100,2024-01-01,2024-02-15
666,12,1,2025-01-01,2025-02-15
667,12,2,2025-01-01,2025-02-15
668,12,3,2025-01-01,2025-02-15
669,12,4,2025-01-01,2025-02-15
670,12,5,2025-01-01,2025-02-15
671,12,6,2025-01-01,2025-02-15
672,12,7,2025-01-01,2025-02-15
673,12,8,2025-01-01,2025-02-15
674,12,9,2025-01-01,2025-02-15
675,12,10,2025-01-01,2025-02-15
676,12,11,2025-05-10,2025-06-24
677,12,12,2025-05-07,2025-06-21
678,12,13,2025-01-01,2025-02-15
679,12,14,2025-01-01,2025-02-15
680,12,15,2025-01-01,2025-02-15
681,12,16,2025-01-01,2025-02-15
682,12,17,2025-01-01,2025-02-15
683,12,18,2025-02-09,2025-03-26
684,12,19,2025-01-01,2025-02-15
685,12,20,2025-01-01,2025-02-15
686,12,21,2025-02-03,2025-03-20
687,12,22,2025-01-01,2025-02-15
688,12,23,2025-04-20,2025-06-04
689,12,24,2025-01-01,2025-02-15
690,12,25,2025-01-01,2025-02-15
691,12,26,2025-02-07,2025-03-24
692,12,27,2025-01-01,2025-02-15
693,12,28,2025-01-01,2025-02-15
694,12,29,2025-01-01,2025-02-15
695,12,30,2025-01-01,2025-02-15
696,12,31,2025-01-01,2025-02-15
697,12,32,2025-01-01,2025-02-15
698,12,33,2025-01-01,2025-02-15
699,12,34,2025-05-02,2025-06-16
700,12,35,2025-01-01,2025-02-15
701,12,36,2025-01-01,2025-02-15
702,12,37,2025-01-01,2025-02-15
703,12,38,2025-01-01,2025-02-15
704,12,39,2025-01-01,2025-02-15
705,12,40,2025-01-01,2025-02-15
706,12,41,2025-06-11,2025-07-26
707,12,42,2025-01-01,2025-02-15
708,12,43,2025-01-01,2025-02-15
709,12,44,2025-06-24,2025-08-08
710,12,45,2025-01-01,2025-02-15
711,12,46,2025-01-01,2025-02-15
712,12,47,2025-04-10,2025-05-25
713,12,48,2025-01-01,2025-02-15
714,12,49,2025-06-21,2025-08-05
715,12,50,2025-04-13,2025-05-28
716,12,51,2025-01-01,2025-02-15
717,12,52,2025-01-01,2025-02-15
718,12,53,2025-05-04,2025-06-18
719,12,54,2025-01-01,2025-02-15
720,12,55,2025-01-01,2025-02-15
721,12,56,2025-01-01,2025-02-15
722,12,57,2025-04-26,2025-06-10
723,12,58,2025-02-13,2025-03-30
724,12,59,2025-01-01,2025-02-15
725,12,60,2025-01-01,2025-02-15
726,12,61,2025-01-01,2025-02-15
727,12,62,2025-01-01,2025-02-15
728,12,63,2025-04-02,2025-05-17
729,12,64,2025-02-20,2025-04-06
730,12,65,2025-01-01,2025-02-15
731,12,66,2025-01-01,2025-02-15
732,12,67,2025-01-01,2025-02-15
733,12,68,2025-01-01,2025-02-15
734,12,69,2025-01-01,2025-02-15
735,12,70,2025-01-01,2025-02-15
736,12,71,2025-06-14,2025-07-29
737,12,72,2025-01-01,2025-02-15
738,12,73,2025-01-01,2025-02-15
739,12,74,2025-01-01,2025-02-15
740,12,75,2025-01-01,2025-02-15
741,12,76,2025-01-01,2025-02-15
742,12,77,2025-03-25,2025-05-09
743,12,78,2025-01-01,2025-02-15
744,12,79,2025-01-01,2025-02-15
745,12,80,2025-01-01,2025-02-15
746,12,81,2025-03-04,2025-04-18
747,12,82,2025-01-01,2025-02-15
748,12,83,2025-01-01,2025-02-15
749,12,84,2025-01-01,2025-02-15
750,12,85,2025-05-24,2025-07-08
751,12,86,2025-01-01,2025-02-15
752,12,87,2025-01-01,2025-02-15
753,12,88,2025-01-01,2025-02-15
754,12,89,2025-02-23,2025-04-09
755,12,90,2025-06-14,2025-07-29
756,12,91,2025-01-01,2025-02-15
757,12,92,2025-01-01,2025-02-15
758,12,93,2025-03-27,2025-05-11
759,12,94,2025-01-01,2025-02-15
760,12,95,2025-01-01,2025-02-15
761,12,96,2025-01-01,2025-02-15
762,12,97,2025-01-01,2025-02-15
763,12,98,2025-06-17,2025-08-01
764,12,99,2025-01-01,2025-02-15
765,12,100,2025-01-01,2025-02-15
