staff_id,full_name,date_of_birth,hire_date,termination_date,phone
1,Staff_000001,1984-05-12,2023-04-13,,0993362817
2,Staff_000002,1986-03-05,2022-01-06,,0987288380
3,Staff_000003,1999-12-06,2023-04-13,2023-12-23,0932254126
4,Staff_000004,1997-04-10,2023-05-30,,0916614943
5,Staff_000005,1993-01-27,2022-03-05,2024-12-27,0934190344
6,Staff_000006,1983-01-14,2025-01-18,2025-05-24,0962097673
7,Staff_000007,1994-11-23,2022-01-07,2023-08-28,0964677909
8,Staff_000008,1990-07-21,2022-11-16,,0983203000
9,Staff_000009,1986-11-25,2022-07-28,,0938109133
10,Staff_000010,1993-07-09,2022-08-23,,0926983301
11,Staff_000011,1997-08-14,2025-12-30,,0953869929
12,Staff_000012,1983-10-25,2025-03-02,,0945137382
13,Staff_000013,1987-12-04,2025-01-02,2025-11-03,0997597695
14,Staff_000014,1993-08-20,2023-05-26,,0967982205
15,Staff_000015,1996-07-01,2025-02-07,2025-08-02,0969058778
16,Staff_000016,1993-09-12,2024-03-01,,0935834137
17,Staff_000017,1985-02-28,2024-04-06,,0983894361
18,Staff_000018,1994-12-19,2023-12-23,2024-11-16,0929516782
19,Staff_000019,1990-06-24,2023-07-22,,0988830740
20,Staff_000020,2001-08-24,2022-02-27,2023-04-25,0940511928
21,Staff_000021,1988-07-21,2024-04-02,,0960500977
22,Staff_000022,1984-07-17,2022-09-18,,0953642515
23,Staff_000023,1995-09-03,2022-10-15,,0957143437
24,Staff_000024,1984-02-12,2025-12-07,,0996646008
25,Staff_000025,1982-11-27,2023-05-21,,0918101672
26,Staff_000026,1990-04-18,2025-04-19,,0917849898
27,Staff_000027,1985-01-04,2023-03-03,,0940894173
28,Staff_000028,1995-08-16,2023-09-14,,0998133982
29,Staff_000029,2000-07-08,2025-05-19,,0970670629
30,Staff_000030,2000-10-14,2024-10-07,,0994653625
31,Staff_000031,1992-05-14,2023-09-15,,0987000445
32,Staff_000032,1981-11-18,2025-03-23,,0924140958
33,Staff_000033,1991-04-15,2022-04-06,,0974338015
34,Staff_000034,1991-01-14,2024-09-13,2025-12-01,0929281843
35,Staff_000035,2003-01-07,2025-11-15,,0959117030
36,Staff_000036,1984-01-06,2024-12-19,,0969469934
37,Staff_000037,1986-04-09,2024-11-24,,0911308912
38,Staff_000038,1993-09-27,2023-11-24,2024-03-19,0920282181
39,Staff_000039,1995-01-11,2022-08-11,,0977198910
40,Staff_000040,1997-05-31,2024-10-28,,0913614595
41,Staff_000041,1997-10-27,2024-01-01,,0988764107
42,Staff_000042,1993-08-08,2024-03-21,,0940052590
43,Staff_000043,1982-01-13,2023-08-28,,0951454043
44,Staff_000044,1985-09-22,2025-02-05,,0979558297
45,Staff_000045,1992-09-11,2023-08-01,,0926816100
46,Staff_000046,1986-03-23,2022-07-29,,0953527383
47,Staff_000047,1981-10-02,2022-10-30,,0918985670
48,Staff_000048,1992-03-23,2024-02-13,,0952170772
49,Staff_000049,1996-01-08,2023-03-24,,0995905374
50,Staff_000050,1992-09-25,2024-03-17,,0936783069
51,Staff_000051,1986-03-21,2023-12-07,,0957413366
52,Staff_000052,1993-04-21,2024-03-07,,0941464352
53,Staff_000053,1990-06-12,2022-04-25,,0935575358
54,Staff_000054,2002-05-19,2023-09-16,,0937355165
55,Staff_000055,1984-05-03,2023-01-14,,0922056159
56,Staff_000056,1995-06-01,2023-01-05,,0917957375
57,Staff_000057,1994-10-14,2025-02-02,,0941003300
58,Staff_000058,1980-08-24,2023-12-09,2024-03-23,0931710725
59,Staff_000059,1995-02-12,2024-04-09,,0947245328
60,Staff_000060,1988-03-14,2022-04-26,,0920979581
61,Staff_000061,2003-01-22,2025-10-09,,0951229810
62,Staff_000062,1988-05-13,2023-11-04,2025-02-13,0932878472
63,Staff_000063,1996-09-15,2023-01-08,,0954620487
64,Staff_000064,2002-10-30,2023-05-04,,0957050804
65,Staff_000065,1984-07-16,2024-08-21,,0937146834
66,Staff_000066,1981-10-13,2022-01-09,,0961436294
67,Staff_000067,1982-01-14,2025-07-11,,0931318854
68,Staff_000068,1982-04-30,2024-06-10,,0917937939
69,Staff_000069,1990-10-19,2024-10-07,2025-10-23,0945355642
70,Staff_000070,1987-11-15,2024-12-08,,0938222962
71,Staff_000071,1988-05-19,2023-12-19,,0910478308
72,Staff_000072,1989-07-30,2024-11-03,,0993201133
73,Staff_000073,1997-01-09,2022-04-10,,0949532076
74,Staff_000074,1989-10-26,2023-02-12,,0983713258
75,Staff_000075,1997-07-03,2022-05-02,,0959351818
76,Staff_000076,1993-04-27,2022-02-24,,0997014801
77,Staff_000077,1988-09-05,2025-04-21,,0971264659
78,Staff_000078,2000-12-29,2023-08-17,,0938359429
79,Staff_000079,1995-11-24,2022-05-25,,0969191337
80,Staff_000080,1985-07-04,2023-07-21,2024-01-25,0920789957
81,Staff_000081,1984-10-17,2025-05-16,,0941589156
82,Staff_000082,1988-01-20,2023-08-19,,0934319268
83,Staff_000083,1987-10-24,2025-11-12,,0980748811
84,Staff_000084,1980-04-08,2024-08-01,,0914719156
85,Staff_000085,1994-12-13,2024-03-28,,0927942539
86,Staff_000086,2001-07-08,2022-04-02,,0993612204
87,Staff_000087,1992-11-05,2023-12-27,,0940267507
88,Staff_000088,2001-09-07,2024-07-21,,0933727565
89,Staff_000089,1980-01-23,2025-10-26,,0965460973
90,Staff_000090,1987-04-17,2022-05-02,,0912031862
91,Staff_000091,1992-04-22,2025-12-18,,0914828538
92,Staff_000092,1998-08-07,2022-10-25,,0963515377
93,Staff_000093,1996-04-03,2025-08-08,,0947613454
94,Staff_000094,1980-06-05,2022-04-05,,0967278764
95,Staff_000095,1996-10-12,2024-10-19,,0939983064
96,Staff_000096,1994-10-03,2025-10-30,2025-12-23,0960350409
97,Staff_000097,1985-07-23,2024-12-04,2025-07-01,0974682811
98,Staff_000098,1997-12-31,2024-12-08,,0919705462
99,Staff_000099,1990-09-21,2024-03-27,,0981645241
100,Staff_000100,1985-12-16,2025-05-29,2025-10-01,0971652468
101,Staff_000101,1996-02-12,2023-05-24,2025-02-07,0996756314
102,Staff_000102,2003-12-19,2025-06-23,,0960553216
103,Staff_000103,1991-03-10,2025-08-25,,0935235439
104,Staff_000104,1982-06-13,2022-05-24,,0952934943
105,Staff_000105,1983-02-11,2025-01-04,,0915073167
106,Staff_000106,1997-01-07,2024-01-22,,0967876879
107,Staff_000107,2002-11-13,2024-08-28,,0965528586
108,Staff_000108,1990-05-27,2025-05-04,,0967801954
109,Staff_000109,1988-01-03,2024-12-27,,0971608841
110,Staff_000110,1986-02-18,2025-01-07,,0961763509
111,Staff_000111,1999-11-30,2024-12-22,,0956590378
112,Staff_000112,2000-04-20,2024-01-25,,0979370354
113,Staff_000113,2000-02-12,2023-06-23,,0992415664
114,Staff_000114,2001-07-21,2023-03-11,,0984501185
115,Staff_000115,1991-03-13,2024-09-24,2025-06-28,0978294597
116,Staff_000116,1997-03-12,2023-03-30,,0964931838
117,Staff_000117,1985-03-07,2025-07-16,,0929114274
118,Staff_000118,1982-07-03,2024-12-17,,0947379790
119,Staff_000119,1986-12-20,2022-11-16,,0969662271
120,Staff_000120,2003-11-23,2024-01-05,,0952908507
121,Staff_000121,1988-03-20,2025-11-20,,0911187317
122,Staff_000122,1985-06-08,2025-08-06,,0970693613
123,Staff_000123,1996-05-30,2023-02-04,,0947489726
124,Staff_000124,1990-10-10,2022-10-22,2023-12-27,0952662190
125,Staff_000125,2002-08-08,2024-04-16,,0954710435
126,Staff_000126,2003-06-30,2025-01-11,2025-04-01,0995274101
127,Staff_000127,1993-03-14,2024-09-01,,0949081283
128,Staff_000128,1992-06-30,2022-01-21,,0987792613
129,Staff_000129,2000-09-27,2025-09-19,,0936446046
130,Staff_000130,1995-03-02,2022-11-02,,0951929857
131,Staff_000131,2000-01-20,2025-01-06,,0985367465
132,Staff_000132,1998-01-23,2025-06-22,,0978730580
133,Staff_000133,1982-11-25,2024-10-21,,0979993593
134,Staff_000134,1991-09-18,2024-10-19,,0954019226
135,Staff_000135,1987-08-18,2024-01-31,,0932444845
136,Staff_000136,1991-05-08,2023-06-02,,0977558100
137,Staff_000137,1999-10-25,2022-03-18,,0977277084
138,Staff_000138,1988-06-18,2023-12-02,,0973323925
139,Staff_000139,1983-03-16,2022-08-13,,0972147032
140,Staff_000140,2003-10-07,2025-09-25,2025-11-04,0988208708
141,Staff_000141,2001-06-23,2025-09-30,,0925326745
142,Staff_000142,2001-10-08,2022-06-15,,0956736449
143,Staff_000143,1983-06-18,2023-08-11,,0979990021
144,Staff_000144,1990-01-22,2024-01-23,,0953954195
145,Staff_000145,1998-03-08,2025-03-03,,0943751494
146,Staff_000146,1988-01-18,2024-02-23,,0916398069
147,Staff_000147,1983-09-02,2022-05-03,,0934677114
148,Staff_000148,1989-02-23,2025-05-27,,0910197724
149,Staff_000149,1994-05-11,2023-03-27,,0943257388
150,Staff_000150,1982-06-21,2023-06-02,,0945469059
151,Staff_000151,1998-11-22,2024-12-01,,0989132982
152,Staff_000152,1986-09-03,2022-11-09,2024-07-14,0976783890
153,Staff_000153,1988-03-28,2022-05-03,,0924069542
154,Staff_000154,2002-10-28,2023-10-30,,0916132193
155,Staff_000155,1990-05-29,2023-10-22,,0975814667
156,Staff_000156,1993-05-11,2022-12-05,,0919187561
157,Staff_000157,2001-02-21,2025-02-13,,0934177230
158,Staff_000158,2001-06-01,2024-05-10,,0991405921
159,Staff_000159,1981-03-03,2022-04-06,2023-05-07,0966492392
160,Staff_000160,1990-01-12,2023-05-13,,0948116531
161,Staff_000161,2003-01-04,2025-01-16,,0994656399
162,Staff_000162,1984-03-06,2025-08-01,,0941696138
163,Staff_000163,1995-12-14,2025-07-30,,0962481162
164,Staff_000164,1981-11-03,2025-01-01,2025-09-13,0953559667
165,Staff_000165,1988-10-23,2025-11-19,,0966143899
166,Staff_000166,1984-01-19,2025-03-31,,0920288476
167,Staff_000167,2002-08-20,2022-06-03,,0986990481
168,Staff_000168,1986-08-14,2023-07-29,,0957189266
169,Staff_000169,2002-07-01,2023-03-08,,0922117260
170,Staff_000170,2000-03-07,2025-10-05,,0994113381
171,Staff_000171,2003-05-05,2025-08-05,,0928438670
172,Staff_000172,1995-11-08,2023-06-26,,0983983339
173,Staff_000173,1991-11-08,2025-06-04,,0993054952
174,Staff_000174,1997-03-27,2022-08-29,,0954085689
175,Staff_000175,1999-11-11,2024-09-19,,0926094816
176,Staff_000176,1987-10-01,2024-11-26,,0944211668
177,Staff_000177,1987-03-13,2024-09-16,,0990182142
178,Staff_000178,1996-04-09,2025-07-08,,0974303081
179,Staff_000179,2001-12-05,2023-07-09,,0944029988
180,Staff_000180,1997-07-19,2025-08-11,,0952540414
181,Staff_000181,1982-05-14,2024-09-12,,0984370623
182,Staff_000182,2002-02-07,2022-05-27,,0967052198
183,Staff_000183,1990-09-06,2022-03-06,,0913024888
184,Staff_000184,1999-07-07,2023-01-13,,0935679032
185,Staff_000185,1999-09-30,2023-04-18,,0942497374
186,Staff_000186,1983-12-29,2025-04-02,2025-11-29,0938820679
187,Staff_000187,1998-07-05,2022-05-03,2022-08-23,0979613743
188,Staff_000188,1983-03-21,2025-04-29,,0918888884
189,Staff_000189,1995-04-18,2024-02-04,,0990248932
190,Staff_000190,1988-07-02,2023-10-25,,0991584500
191,Staff_000191,1991-08-28,2023-12-14,,0911364192
192,Staff_000192,1989-02-10,2023-08-29,,0981624272
193,Staff_000193,1997-01-17,2022-08-17,2025-04-10,0959306246
194,Staff_000194,1985-11-24,2025-01-18,,0959872755
195,Staff_000195,1982-01-22,2024-07-12,,0950141369
196,Staff_000196,1987-04-04,2025-08-21,,0910046060
197,Staff_000197,1980-08-06,2024-03-25,,0937194349
198,Staff_000198,1994-05-16,2022-05-13,,0954046140
199,Staff_000199,1989-10-20,2022-03-19,2025-05-28,0920725091
200,Staff_000200,1994-05-03,2022-09-16,,0955160678
201,Staff_000201,1987-08-01,2022-11-02,2022-12-03,0972511239
202,Staff_000202,1998-07-07,2022-11-05,,0991945955
203,Staff_000203,2000-12-27,2022-08-27,,0943592795
204,Staff_000204,1987-09-19,2023-07-15,2024-11-29,0918956650
205,Staff_000205,1993-12-14,2024-01-28,,0970466562
206,Staff_000206,1995-06-07,2022-05-12,,0990703372
207,Staff_000207,1993-09-05,2025-04-07,,0912947288
208,Staff_000208,1989-08-19,2023-05-13,,0975935519
209,Staff_000209,1985-07-14,2023-05-13,,0977199911
210,Staff_000210,2001-12-09,2024-08-05,,0944865358
211,Staff_000211,2003-02-25,2025-12-16,,0941374516
212,Staff_000212,1991-12-27,2022-12-07,,0993368329
213,Staff_000213,1988-12-31,2023-12-12,,0978995762
214,Staff_000214,2001-07-29,2023-07-03,,0930889231
215,Staff_000215,1983-03-23,2023-11-07,,0910571438
216,Staff_000216,1983-01-01,2023-02-04,,0955335841
217,Staff_000217,1984-07-11,2025-07-20,,0976541905
218,Staff_000218,1998-10-01,2022-03-11,2024-12-12,0998435317
219,Staff_000219,1981-05-20,2022-06-22,,0942645720
220,Staff_000220,1999-01-13,2024-06-20,2025-11-09,0919699479
221,Staff_000221,1989-05-24,2025-12-19,,0935691495
222,Staff_000222,1991-05-28,2023-09-23,,0983038045
223,Staff_000223,1988-05-23,2022-08-11,2025-09-11,0973874005
224,Staff_000224,2000-02-10,2025-12-29,,0974023328
225,Staff_000225,1988-07-24,2025-11-04,,0960677464
226,Staff_000226,2001-10-27,2025-03-29,,0924435161
227,Staff_000227,2000-07-02,2024-07-30,,0938787008
228,Staff_000228,1981-07-31,2024-11-25,,0928833672
229,Staff_000229,2003-09-28,2025-11-08,,0918123742
230,Staff_000230,1993-08-12,2025-01-07,,0915396874
231,Staff_000231,1997-12-14,2023-08-17,,0961258389
232,Staff_000232,1983-03-19,2025-01-03,,0933629717
233,Staff_000233,2002-05-07,2024-03-22,,0933533675
234,Staff_000234,1989-07-27,2023-12-11,,0911266657
235,Staff_000235,2000-11-18,2024-10-22,,0916452496
236,Staff_000236,1999-06-27,2025-09-06,,0981212056
237,Staff_000237,1992-11-18,2022-03-29,,0922126786
238,Staff_000238,1998-02-08,2024-10-10,,0934590724
239,Staff_000239,2002-09-18,2023-07-19,,0923959848
240,Staff_000240,1988-11-27,2023-11-23,,0915386435
241,Staff_000241,1999-07-23,2025-09-18,,0917725955
242,Staff_000242,1986-12-16,2025-08-05,,0948430106
243,Staff_000243,2002-05-17,2023-09-06,2023-11-25,0929158210
244,Staff_000244,1999-08-24,2024-12-24,,0982204214
245,Staff_000245,1994-05-30,2024-09-03,,0923619694
246,Staff_000246,1997-01-05,2024-03-29,,0950769740
247,Staff_000247,1995-03-22,2024-03-06,,0952337050
248,Staff_000248,1995-02-13,2023-03-15,2024-07-28,0996808556
249,Staff_000249,1995-09-07,2022-06-20,,0958351752
250,Staff_000250,2001-06-25,2024-03-17,,0966736331
251,Staff_000251,1983-04-16,2022-03-19,,0932974022
252,Staff_000252,1985-12-13,2024-07-04,,0971487554
253,Staff_000253,1980-11-24,2025-01-27,,0976811288
254,Staff_000254,1998-09-18,2025-04-01,,0949534693
255,Staff_000255,1998-11-05,2022-09-10,,0995617940
256,Staff_000256,1991-04-02,2023-11-07,,0949190077
257,Staff_000257,1998-08-05,2024-09-19,2025-12-24,0987015962
258,Staff_000258,2003-04-14,2022-06-26,,0970098482
259,Staff_000259,1997-05-12,2023-02-06,,0933007142
260,Staff_000260,1985-05-22,2024-10-01,2024-12-01,0979565501
261,Staff_000261,1992-09-18,2024-04-16,,0949649073
262,Staff_000262,1995-12-15,2025-05-07,,0977564621
263,Staff_000263,1999-09-14,2024-02-19,,0920757347
264,Staff_000264,1989-10-18,2022-07-17,2024-09-26,0977330387
265,Staff_000265,1984-05-04,2025-03-04,,0982005816
266,Staff_000266,1999-02-25,2024-10-14,,0962952775
267,Staff_000267,1980-02-14,2025-12-13,,0991059851
268,Staff_000268,1986-02-25,2023-07-12,,0939847221
269,Staff_000269,1995-10-28,2022-07-04,,0976296081
270,Staff_000270,1983-05-02,2024-03-16,,0969664140
271,Staff_000271,1984-09-11,2023-12-02,,0969731029
272,Staff_000272,2001-10-01,2023-01-30,,0969375042
273,Staff_000273,2003-04-23,2025-10-19,,0938717475
274,Staff_000274,1997-09-06,2022-09-21,,0914030785
275,Staff_000275,1986-07-29,2023-01-07,2025-11-10,0975638185
276,Staff_000276,1996-02-06,2024-08-01,,0995601155
277,Staff_000277,1990-05-25,2025-04-14,,0977415299
278,Staff_000278,1987-04-26,2025-06-24,,0947196164
279,Staff_000279,1999-05-14,2022-06-29,2025-01-09,0936209916
280,Staff_000280,1986-02-21,2022-06-13,,0978138811
281,Staff_000281,2000-05-08,2024-11-17,2025-04-08,0974140273
282,Staff_000282,2003-12-26,2025-09-15,2025-12-27,0984350082
283,Staff_000283,1991-04-16,2024-07-30,,0944925425
284,Staff_000284,1998-11-09,2022-05-06,2025-05-16,0918129501
285,Staff_000285,1998-11-05,2022-05-26,,0917185781
286,Staff_000286,1999-02-12,2022-02-27,,0943208240
287,Staff_000287,1981-11-22,2024-12-05,,0970145519
288,Staff_000288,1986-06-27,2022-09-28,,0941853952
289,Staff_000289,2001-11-09,2023-07-04,,0924976006
290,Staff_000290,1993-09-20,2024-02-20,,0916692998
291,Staff_000291,1984-07-22,2022-01-26,2024-08-31,0944694151
292,Staff_000292,1991-07-11,2025-05-08,2025-11-02,0985556362
293,Staff_000293,1991-10-21,2024-10-04,,0928442841
294,Staff_000294,1983-10-03,2025-03-12,,0973046212
295,Staff_000295,1992-01-08,2023-03-28,,0991543200
296,Staff_000296,1992-10-27,2024-10-06,,0937467730
297,Staff_000297,2000-01-24,2025-10-28,,0927942874
298,Staff_000298,2000-08-16,2025-02-19,,0992961572
299,Staff_000299,1983-10-17,2024-08-26,2025-11-03,0933497844
300,Staff_000300,1997-07-11,2023-09-08,,0953637181
301,Staff_000301,2003-11-28,2022-01-17,,0933134454
302,Staff_000302,1984-06-24,2023-05-22,,0915097432
303,Staff_000303,1986-06-13,2022-05-22,,0978562403
304,Staff_000304,1983-05-26,2022-09-09,,0971777479
305,Staff_000305,1996-07-05,2023-11-13,,0950664236
306,Staff_000306,1994-01-21,2025-07-19,2025-12-11,0925519768
307,Staff_000307,1999-02-07,2024-10-22,2025-10-11,0981267988
308,Staff_000308,1989-03-20,2024-05-10,,0972592166
309,Staff_000309,1983-08-24,2025-01-29,,0986821198
310,Staff_000310,1998-01-26,2025-08-28,,0911793480
311,Staff_000311,1986-04-08,2024-03-12,,0914076515
312,Staff_000312,1994-10-27,2023-06-07,,0914801732
313,Staff_000313,1984-10-19,2025-09-10,,0919354644
314,Staff_000314,1991-12-04,2024-01-26,,0950916611
315,Staff_000315,1995-12-19,2024-10-20,2025-08-24,0987699238
316,Staff_000316,1992-11-09,2022-02-08,,0917204788
317,Staff_000317,1999-12-26,2022-01-15,,0948056384
318,Staff_000318,1990-06-23,2024-01-12,2024-10-09,0973291090
319,Staff_000319,1999-07-16,2023-03-24,,0954634338
320,Staff_000320,2003-09-07,2023-06-21,,0999315118
321,Staff_000321,1992-04-07,2022-09-16,,0971615950
322,Staff_000322,1996-07-14,2023-03-10,,0953617468
323,Staff_000323,1981-02-24,2024-11-13,,0976583698
324,Staff_000324,2001-01-26,2023-02-05,,0997461983
325,Staff_000325,1987-12-12,2025-08-02,,0965544486
326,Staff_000326,1996-04-13,2023-12-06,,0996948515
327,Staff_000327,1999-08-02,2024-08-09,,0924441168
328,Staff_000328,1984-02-10,2022-11-14,,0970773612
329,Staff_000329,1986-10-24,2023-10-14,,0985229487
330,Staff_000330,2000-06-09,2025-02-19,,0996181924
331,Staff_000331,1984-05-24,2025-11-21,2025-12-31,0988809579
332,Staff_000332,1989-04-30,2022-06-19,2024-08-10,0941520608
333,Staff_000333,1997-07-10,2023-07-20,,0921636989
334,Staff_000334,2002-12-15,2023-12-27,,0985671542
335,Staff_000335,1984-05-01,2023-01-27,,0944557744
336,Staff_000336,1991-02-22,2023-05-17,,0975488715
337,Staff_000337,1981-06-26,2025-11-01,,0977813769
338,Staff_000338,1990-04-12,2025-04-19,2025-06-14,0919168784
339,Staff_000339,1988-10-23,2024-07-01,,0943803409
340,Staff_000340,2003-02-21,2023-12-31,,0978089969
341,Staff_000341,1999-06-19,2024-05-14,,0998192282
342,Staff_000342,1987-06-09,2022-09-04,,0981751069
343,Staff_000343,1988-12-23,2023-10-02,,0910356092
344,Staff_000344,1984-07-02,2024-09-07,,0994926423
345,Staff_000345,1995-09-01,2024-09-10,,0941472753
346,Staff_000346,1988-07-03,2022-06-09,,0941558213
347,Staff_000347,2002-03-31,2025-02-03,,0967493255
348,Staff_000348,2003-12-24,2024-10-05,,0993699371
349,Staff_000349,1981-09-13,2024-08-02,,0964115498
350,Staff_000350,1988-04-06,2025-04-18,,0965452995
351,Staff_000351,1987-05-22,2023-06-16,,0918941846
352,Staff_000352,1981-07-04,2022-04-21,2022-11-14,0926327531
353,Staff_000353,1996-02-11,2025-03-04,,0991909582
354,Staff_000354,1986-08-19,2024-11-24,,0940469966
355,Staff_000355,1980-10-08,2025-03-31,,0942169166
356,Staff_000356,1992-09-08,2023-08-07,,0997299893
357,Staff_000357,1994-09-22,2024-12-25,2025-02-12,0944063373
358,Staff_000358,1991-09-26,2023-10-21,,0978132273
359,Staff_000359,1999-02-18,2025-12-19,,0921366817
360,Staff_000360,1987-08-29,2023-09-13,2024-09-02,0947126341
361,Staff_000361,1983-02-04,2023-01-21,2023-10-04,0924700622
362,Staff_000362,1991-01-04,2023-08-09,,0965464172
363,Staff_000363,1983-08-28,2023-10-24,,0917485739
364,Staff_000364,1980-03-09,2025-12-30,,0916394214
365,Staff_000365,1982-09-10,2025-09-15,,0961345637
366,Staff_000366,1987-10-20,2023-08-05,,0955235229
367,Staff_000367,1980-11-06,2024-01-29,,0972242851
368,Staff_000368,1989-02-07,2024-11-07,,0935766413
369,Staff_000369,1980-07-04,2023-11-02,,0998323975
370,Staff_000370,1985-03-31,2024-11-27,2025-07-14,0970238725
371,Staff_000371,1988-06-29,2023-04-09,,0954531760
372,Staff_000372,2003-02-04,2024-11-22,,0947865176
373,Staff_000373,1983-06-13,2025-11-28,,0977131625
374,Staff_000374,1987-07-29,2025-11-09,,0983132520
375,Staff_000375,1990-09-13,2023-08-27,2025-01-27,0972083190
376,Staff_000376,1989-06-10,2024-06-18,,0945607171
377,Staff_000377,1980-04-22,2024-05-14,,0938233448
378,Staff_000378,2003-02-12,2024-04-01,2025-04-11,0936658304
379,Staff_000379,2001-12-11,2023-04-11,2025-01-29,0957772468
380,Staff_000380,2000-02-11,2022-02-16,2024-01-09,0969236071
381,Staff_000381,1992-01-15,2022-11-17,,0984479752
382,Staff_000382,1983-03-25,2024-08-17,,0964781184
383,Staff_000383,2001-04-05,2025-08-24,,0922864665
384,Staff_000384,1986-04-02,2025-10-16,,0957134778
385,Staff_000385,1993-09-13,2025-12-24,,0946598061
386,Staff_000386,1999-07-05,2024-09-17,,0972410713
387,Staff_000387,1981-04-13,2022-08-19,2024-12-03,0983274710
388,Staff_000388,2001-02-27,2023-07-28,,0953658518
389,Staff_000389,1989-01-09,2023-09-19,,0931760393
390,Staff_000390,1997-02-27,2022-09-19,,0917620618
391,Staff_000391,1999-07-15,2025-09-07,,0933656252
392,Staff_000392,2003-10-07,2025-05-24,2025-07-26,0937081756
393,Staff_000393,2001-02-10,2023-06-23,,0928282234
394,Staff_000394,1981-01-08,2024-08-08,,0911197987
395,Staff_000395,2001-01-18,2022-07-25,,0935231319
396,Staff_000396,1996-01-10,2022-08-11,,0967075624
397,Staff_000397,1993-10-04,2025-07-16,,0979112642
398,Staff_000398,1988-07-01,2025-04-12,,0928739461
399,Staff_000399,1988-10-04,2025-12-28,,0987694546
400,Staff_000400,1980-06-25,2025-01-20,,0985240287
401,Staff_000401,1983-09-30,2025-08-22,,0950453821
402,Staff_000402,1990-06-03,2023-09-01,,0958765571
403,Staff_000403,1988-03-28,2023-09-18,,0985403166
404,Staff_000404,1987-06-10,2025-04-25,,0927515993
405,Staff_000405,1989-06-08,2025-11-09,2025-12-30,0964992274
406,Staff_000406,1996-08-24,2022-11-29,,0918086246
407,Staff_000407,1986-09-13,2023-11-05,,0986470149
408,Staff_000408,1992-10-23,2025-09-03,,0981921070
409,Staff_000409,1986-02-09,2025-11-13,,0927655798
410,Staff_000410,1980-08-23,2024-07-31,,0986355012
411,Staff_000411,1996-12-23,2025-07-08,2025-08-13,0973802638
412,Staff_000412,1990-12-04,2022-08-11,,0954756214
413,Staff_000413,1995-08-23,2025-03-24,,0977947618
414,Staff_000414,1995-01-26,2024-07-25,2025-01-18,0957258730
415,Staff_000415,1987-05-29,2025-02-23,,0928014087
416,Staff_000416,1980-04-13,2022-11-30,,0912152630
417,Staff_000417,1995-11-25,2022-03-17,,0961364159
418,Staff_000418,1999-05-24,2022-10-08,,0941407966
419,Staff_000419,1990-02-14,2023-10-15,,0912516167
420,Staff_000420,1982-03-15,2024-06-25,,0931347219
421,Staff_000421,2002-03-21,2022-04-17,2024-04-09,0941108680
422,Staff_000422,1986-10-28,2025-07-06,,0936988995
423,Staff_000423,2002-01-19,2022-04-11,,0954475264
424,Staff_000424,1982-11-30,2024-08-31,2025-04-29,0913655016
425,Staff_000425,1994-01-18,2022-11-29,,0930792614
426,Staff_000426,1983-12-29,2025-06-10,,0935155095
427,Staff_000427,2001-10-05,2024-07-08,2025-10-13,0936587589
428,Staff_000428,1991-09-15,2022-08-23,,0996385258
429,Staff_000429,1984-08-14,2023-05-11,,0937632630
430,Staff_000430,1993-09-26,2023-10-21,2025-02-04,0930151115
431,Staff_000431,1986-08-14,2024-08-31,,0911157920
432,Staff_000432,1998-12-13,2023-12-31,,0939519102
433,Staff_000433,1991-12-01,2024-07-28,,0940486722
434,Staff_000434,1996-03-18,2024-12-14,2025-06-13,0929518311
435,Staff_000435,1998-09-15,2025-06-06,,0951507897
436,Staff_000436,1987-05-23,2022-01-04,,0978478634
437,Staff_000437,2001-10-11,2022-10-27,2023-05-17,0971958979
438,Staff_000438,1998-12-23,2025-04-04,,0919994202
439,Staff_000439,1998-09-06,2024-08-05,,0922575529
440,Staff_000440,1981-12-11,2023-09-01,,0925908782
441,Staff_000441,1995-08-27,2023-08-18,,0977559231
442,Staff_000442,1992-05-04,2022-05-28,2024-07-31,0978149810
443,Staff_000443,1991-06-12,2024-02-24,,0933376540
444,Staff_000444,1983-07-24,2022-04-03,,0982118683
445,Staff_000445,1988-03-03,2025-04-22,,0977148211
446,Staff_000446,1997-11-16,2025-06-01,,0972027538
447,Staff_000447,1994-05-01,2025-08-05,,0936463491
448,Staff_000448,1995-07-17,2024-02-18,,0963943261
449,Staff_000449,1997-10-08,2023-05-20,,0989581410
450,Staff_000450,1989-01-26,2024-11-17,,0935685764
451,Staff_000451,1996-08-05,2022-01-30,,0941683927
452,Staff_000452,2002-08-22,2025-12-05,,0988386119
453,Staff_000453,1981-05-28,2025-03-19,,0944168255
454,Staff_000454,1980-05-31,2025-04-07,,0982927920
455,Staff_000455,2001-12-25,2024-07-15,,0926855346
456,Staff_000456,1983-06-02,2025-12-26,,0944530230
457,Staff_000457,1997-08-08,2024-02-03,,0913542608
458,Staff_000458,1998-06-26,2025-03-31,,0985239375
459,Staff_000459,1988-12-17,2022-09-29,,0953791555
460,Staff_000460,2003-11-07,2024-08-17,,0921473409
461,Staff_000461,1993-09-20,2023-05-29,2024-01-11,0942725537
462,Staff_000462,1985-01-19,2022-04-06,,0996921483
463,Staff_000463,1987-08-17,2025-07-20,,0957203707
464,Staff_000464,1987-06-15,2022-04-25,2025-08-19,0911683334
465,Staff_000465,1984-09-07,2024-11-08,2025-02-18,0934087710
466,Staff_000466,1991-10-05,2023-02-19,,0935724012
467,Staff_000467,1992-03-16,2025-12-06,,0916935357
468,Staff_000468,1982-09-19,2023-11-26,2025-11-03,0939510067
469,Staff_000469,1994-02-01,2024-04-04,,0974217645
470,Staff_000470,1996-03-15,2024-02-28,,0937602326
471,Staff_000471,2001-07-28,2025-06-05,,0976701172
472,Staff_000472,1988-04-29,2022-03-31,,0986537153
473,Staff_000473,2003-02-16,2023-10-12,,0911093294
474,Staff_000474,1981-06-08,2025-12-28,,0936632340
475,Staff_000475,2000-05-12,2022-11-02,,0911117534
476,Staff_000476,1996-12-07,2025-05-17,,0958958695
477,Staff_000477,1998-07-10,2022-08-18,2025-02-26,0971723700
478,Staff_000478,1990-09-20,2022-09-08,2023-08-24,0950529059
479,Staff_000479,1997-05-08,2025-08-03,,0945546680
480,Staff_000480,2000-08-30,2025-07-31,,0965805062
481,Staff_000481,1999-04-04,2024-06-26,,0965026901
482,Staff_000482,1989-02-08,2024-03-11,,0923279494
483,Staff_000483,1985-11-10,2025-01-04,,0982490974
484,Staff_000484,1999-05-06,2024-09-11,,0942788122
485,Staff_000485,1980-12-26,2025-06-18,,0975035238
486,Staff_000486,1981-09-08,2022-06-11,2025-10-23,0997570729
487,Staff_000487,1997-07-14,2024-04-24,,0944076349
488,Staff_000488,1988-09-10,2023-09-13,,0997465289
489,Staff_000489,2001-09-07,2022-10-21,,0931468615
490,Staff_000490,1991-05-20,2023-08-26,,0972631529
491,Staff_000491,1981-09-15,2022-06-14,,0980614700
492,Staff_000492,1993-01-22,2024-08-01,2024-10-09,0910086351
493,Staff_000493,1985-09-24,2024-08-23,,0955389915
494,Staff_000494,2001-08-10,2025-10-11,,0919674975
495,Staff_000495,1989-02-09,2022-11-09,2024-06-12,0920908670
496,Staff_000496,1981-07-17,2023-07-17,,0974111220
497,Staff_000497,1989-11-22,2024-02-29,2025-12-20,0997062521
498,Staff_000498,1982-08-12,2024-12-30,,0955344105
499,Staff_000499,1994-01-07,2025-01-10,,0927875893
500,Staff_000500,2001-11-09,2022-05-29,,0921652948
501,Staff_000501,1995-08-29,2024-08-02,,0959924383
502,Staff_000502,1980-07-19,2024-12-16,,0980071774
503,Staff_000503,1988-02-12,2022-08-18,,0926797828
504,Staff_000504,1984-05-10,2022-02-21,,0951841934
505,Staff_000505,2003-11-06,2024-01-17,2025-05-26,0936794867
506,Staff_000506,1989-03-08,2022-06-02,,0976660990
507,Staff_000507,1999-11-12,2025-06-17,,0938957434
508,Staff_000508,1997-08-22,2025-10-28,,0928267769
509,Staff_000509,1986-03-22,2025-11-06,,0937908813
510,Staff_000510,1986-08-10,2025-03-06,,0952406571
511,Staff_000511,1992-12-31,2025-09-29,,0926507082
512,Staff_000512,1988-11-01,2025-09-28,,0960070838
513,Staff_000513,2001-08-28,2024-06-26,,0997478178
514,Staff_000514,1997-03-04,2025-03-01,,0946632498
515,Staff_000515,1986-02-02,2024-04-07,,0997194416
516,Staff_000516,1999-10-08,2024-03-10,,0958784781
517,Staff_000517,2000-04-10,2025-04-07,,0930642944
518,Staff_000518,1999-11-17,2025-09-02,,0953138963
519,Staff_000519,1983-12-13,2023-07-13,,0944565625
520,Staff_000520,1990-11-30,2025-06-25,,0944845792
521,Staff_000521,1989-02-02,2023-06-03,,0979120249
522,Staff_000522,2001-01-08,2024-07-23,,0974913666
523,Staff_000523,2003-08-25,2024-09-13,2025-06-16,0998926201
524,Staff_000524,1990-09-11,2023-09-08,,0996627124
525,Staff_000525,2001-07-31,2022-08-29,2025-06-28,0936737082
526,Staff_000526,1985-04-15,2022-03-07,,0952005481
527,Staff_000527,1993-09-27,2022-05-25,,0953998277
528,Staff_000528,2003-06-08,2024-08-16,2025-06-24,0964178831
529,Staff_000529,1981-09-06,2023-12-12,,0915830066
530,Staff_000530,1983-05-02,2025-08-18,2025-09-24,0951867764
531,Staff_000531,1991-06-21,2022-09-24,2025-02-22,0988254651
532,Staff_000532,2001-05-07,2025-05-08,,0967050076
533,Staff_000533,1980-11-12,2024-06-24,2025-03-12,0957887582
534,Staff_000534,1992-10-28,2024-04-01,,0918555452
535,Staff_000535,1986-04-25,2023-04-12,,0915186246
536,Staff_000536,1991-06-08,2022-10-24,,0911996080
537,Staff_000537,1987-04-22,2025-06-06,,0943569510
538,Staff_000538,1984-02-28,2025-02-08,,0928770634
539,Staff_000539,1991-08-13,2022-12-28,,0921626843
540,Staff_000540,1985-03-02,2024-08-10,,0934983462
541,Staff_000541,1988-11-20,2024-07-13,2024-11-15,0944997811
542,Staff_000542,2003-10-08,2024-05-15,2025-01-21,0949480339
543,Staff_000543,2002-01-25,2023-08-13,,0958207565
544,Staff_000544,1980-06-24,2024-08-15,,0984880176
545,Staff_000545,1980-08-05,2023-01-04,,0996504524
546,Staff_000546,1995-06-25,2025-06-26,,0983068745
547,Staff_000547,2003-04-29,2025-06-08,,0924133781
548,Staff_000548,1980-05-16,2025-10-30,,0955242993
549,Staff_000549,1985-12-07,2022-08-04,,0951839757
550,Staff_000550,1990-12-24,2025-03-26,,0978338351
551,Staff_000551,2001-01-21,2022-08-15,,0971290255
552,Staff_000552,2000-05-10,2022-01-15,,0924573774
553,Staff_000553,1984-06-21,2023-06-26,,0939865682
554,Staff_000554,1983-04-25,2022-11-07,,0914428511
555,Staff_000555,1995-02-28,2024-05-21,,0966764210
556,Staff_000556,1985-03-11,2023-01-31,,0918069365
557,Staff_000557,1982-05-24,2024-02-07,2025-07-05,0942060482
558,Staff_000558,2001-05-26,2025-06-03,,0931922428
559,Staff_000559,1991-11-01,2025-07-12,,0915448043
560,Staff_000560,1998-05-09,2025-08-08,,0957776186
561,Staff_000561,1990-06-12,2025-01-28,,0983474314
562,Staff_000562,1993-03-14,2025-07-20,2025-12-27,0969374249
563,Staff_000563,1997-08-21,2024-09-30,,0979546083
564,Staff_000564,1994-04-24,2022-10-15,,0935984194
565,Staff_000565,1995-11-26,2025-05-21,2025-11-17,0971828385
566,Staff_000566,2000-09-14,2023-06-26,,0986723087
567,Staff_000567,1989-08-01,2025-04-10,,0988967192
568,Staff_000568,1988-08-02,2024-04-24,,0926212159
569,Staff_000569,1980-03-01,2024-02-27,2024-11-04,0987215903
570,Staff_000570,2003-12-08,2023-11-15,,0951519198
571,Staff_000571,2002-10-21,2022-10-31,,0979243721
572,Staff_000572,1988-02-23,2025-08-08,,0953625105
573,Staff_000573,1985-07-31,2022-11-19,,0912662262
574,Staff_000574,1982-01-23,2022-02-11,,0964551910
575,Staff_000575,1995-07-22,2025-06-26,,0939969834
576,Staff_000576,1982-12-05,2024-05-30,,0969250838
577,Staff_000577,1987-07-04,2022-12-31,,0938732688
578,Staff_000578,2001-06-14,2024-03-26,,0933319952
579,Staff_000579,1987-04-20,2024-09-20,,0917173248
580,Staff_000580,2001-03-03,2023-08-04,,0991072802
581,Staff_000581,1980-03-23,2024-11-01,,0956090235
582,Staff_000582,1999-02-07,2023-11-26,,0986353031
583,Staff_000583,1993-06-14,2023-02-27,,0953149448
584,Staff_000584,1986-01-18,2022-04-25,,0963942432
585,Staff_000585,2003-12-13,2022-12-01,2025-10-30,0924607001
586,Staff_000586,1998-03-08,2024-01-13,,0942466099
587,Staff_000587,1992-04-24,2022-09-09,,0987410477
588,Staff_000588,1993-10-08,2022-02-15,,0926078946
589,Staff_000589,2000-06-26,2023-03-16,,0995920670
590,Staff_000590,1998-03-16,2025-03-11,,0977870178
591,Staff_000591,1983-09-01,2024-10-05,,0951331726
592,Staff_000592,1997-12-08,2024-08-09,,0959086127
593,Staff_000593,1981-09-11,2023-09-23,,0947982849
594,Staff_000594,1990-06-28,2022-05-13,2025-12-06,0956932694
595,Staff_000595,1991-01-02,2024-03-13,2024-07-04,0979820522
596,Staff_000596,2003-08-25,2024-08-16,,0992293516
597,Staff_000597,1981-01-10,2023-02-27,,0992588820
598,Staff_000598,1981-07-20,2025-04-01,,0948386653
599,Staff_000599,2002-09-30,2022-11-12,2024-09-15,0919118590
600,Staff_000600,1999-10-29,2022-01-08,,0917553091
601,Staff_000601,1980-07-17,2022-08-15,,0928502639
602,Staff_000602,2003-03-09,2023-02-14,,0928651400
603,Staff_000603,1989-05-05,2023-12-26,,0916184938
604,Staff_000604,1999-02-19,2022-02-27,,0949274054
605,Staff_000605,1992-08-28,2025-10-13,2025-12-19,0946442859
606,Staff_000606,2003-05-07,2025-05-06,2025-08-01,0990863196
607,Staff_000607,1984-04-27,2023-05-08,,0915117521
608,Staff_000608,1992-05-27,2024-12-06,,0974380086
609,Staff_000609,1987-08-27,2022-07-31,,0980974478
610,Staff_000610,1994-08-08,2025-10-13,,0996958354
611,Staff_000611,1985-07-01,2023-11-02,,0990615754
612,Staff_000612,1983-10-22,2024-05-29,,0912428401
613,Staff_000613,1988-08-13,2024-07-31,,0934520519
614,Staff_000614,1986-05-21,2023-05-25,,0944552406
615,Staff_000615,1981-05-27,2024-05-16,,0989897609
616,Staff_000616,1996-07-15,2025-08-22,,0947138590
617,Staff_000617,1999-06-18,2025-01-05,,0919222448
618,Staff_000618,1981-03-25,2024-03-13,,0958954821
619,Staff_000619,2002-12-21,2024-04-01,,0958168883
620,Staff_000620,1988-08-03,2023-10-21,,0978028553
621,Staff_000621,1982-03-14,2023-08-06,,0951261236
622,Staff_000622,1984-07-06,2024-12-12,,0912840009
623,Staff_000623,1995-11-26,2024-10-16,,0939431415
624,Staff_000624,1986-09-18,2025-08-20,2025-10-21,0983495237
625,Staff_000625,1981-11-14,2022-10-03,,0977168345
626,Staff_000626,1992-10-23,2025-09-30,,0973745059
627,Staff_000627,1980-05-03,2024-01-26,,0983464403
628,Staff_000628,1980-08-11,2023-10-28,,0949730648
629,Staff_000629,1997-09-21,2024-01-14,,0986748411
630,Staff_000630,1999-04-27,2025-08-28,2025-11-15,0970933538
631,Staff_000631,1983-02-27,2022-07-20,,0914384444
632,Staff_000632,1986-12-24,2022-10-08,,0960323177
633,Staff_000633,1989-05-11,2024-10-13,,0916769265
634,Staff_000634,1986-11-08,2023-04-21,,0985580060
635,Staff_000635,2000-08-15,2022-10-31,,0928473053
636,Staff_000636,1997-12-10,2023-04-08,2025-03-03,0935513780
637,Staff_000637,1987-02-21,2023-11-08,2024-04-12,0942216731
638,Staff_000638,1987-02-14,2024-01-05,,0970232771
639,Staff_000639,2003-05-11,2023-07-29,,0978276716
640,Staff_000640,1992-11-21,2024-05-23,,0933163118
641,Staff_000641,1995-09-25,2025-03-30,,0911786484
642,Staff_000642,1990-06-28,2022-03-22,2022-09-22,0971310250
643,Staff_000643,1991-05-31,2022-09-13,,0930833466
644,Staff_000644,2001-01-08,2024-01-10,,0960912687
645,Staff_000645,1986-04-02,2022-03-05,2023-06-05,0994757046
646,Staff_000646,1992-09-27,2024-12-29,2025-07-09,0957048936
647,Staff_000647,1987-11-15,2022-09-09,2023-07-10,0954911004
648,Staff_000648,1990-12-05,2025-11-14,,0917865311
649,Staff_000649,1986-04-13,2025-02-12,,0969059714
650,Staff_000650,1984-02-15,2024-03-02,,0915511199
651,Staff_000651,1982-01-06,2022-05-28,,0958839722
652,Staff_000652,1998-12-05,2023-02-19,,0959848622
653,Staff_000653,1985-06-14,2024-01-12,,0952608745
654,Staff_000654,1999-11-20,2022-01-14,,0988355327
655,Staff_000655,1992-04-20,2022-09-14,,0924837738
656,Staff_000656,2001-04-13,2022-07-09,,0912514442
657,Staff_000657,2001-03-24,2025-01-15,2025-08-30,0910643374
658,Staff_000658,1997-08-29,2022-07-02,2023-09-26,0998662380
659,Staff_000659,1985-04-24,2022-05-25,,0941752727
660,Staff_000660,1997-05-03,2023-12-09,,0996615791
661,Staff_000661,1988-04-05,2022-10-05,2023-06-21,0972275898
662,Staff_000662,1994-08-16,2025-04-21,,0924724785
663,Staff_000663,2002-04-11,2023-10-17,,0916277078
664,Staff_000664,1981-06-14,2024-11-07,2025-06-10,0918341086
665,Staff_000665,1999-11-19,2025-07-21,2025-10-02,0945388718
666,Staff_000666,1997-06-09,2025-06-17,,0915656410
667,Staff_000667,1999-09-30,2023-12-08,,0956843272
668,Staff_000668,1982-12-07,2023-05-09,2023-10-03,0961240136
669,Staff_000669,1981-07-12,2024-01-20,,0973638950
670,Staff_000670,2000-09-04,2024-06-03,,0926715611
671,Staff_000671,1999-03-25,2022-04-10,,0967785121
672,Staff_000672,1992-10-28,2022-10-12,,0986787571
673,Staff_000673,1989-10-22,2022-01-17,,0948961941
674,Staff_000674,1989-12-02,2022-05-30,,0932530638
675,Staff_000675,2000-02-22,2022-08-22,,0970710572
676,Staff_000676,1987-12-27,2024-04-29,,0974257773
677,Staff_000677,1998-09-20,2022-04-05,,0957282638
678,Staff_000678,1981-01-04,2022-04-01,2022-05-25,0966097967
679,Staff_000679,2003-09-21,2022-09-20,2024-05-08,0983406257
680,Staff_000680,1999-06-28,2024-08-19,,0968714082
681,Staff_000681,1981-05-16,2023-03-25,,0974785003
682,Staff_000682,1986-09-15,2022-09-13,,0930087633
683,Staff_000683,1992-04-28,2023-10-22,2025-04-06,0936295217
684,Staff_000684,1981-10-04,2023-12-12,,0964410157
685,Staff_000685,1985-02-07,2023-06-08,,0965975496
686,Staff_000686,1988-12-13,2023-11-24,,0988371624
687,Staff_000687,1987-10-23,2024-12-04,,0932690289
688,Staff_000688,1987-04-11,2022-10-23,,0968900956
689,Staff_000689,2000-06-23,2023-08-12,,0958571919
690,Staff_000690,1997-07-17,2025-07-15,,0933703147
691,Staff_000691,2002-12-21,2025-11-20,,0978515453
692,Staff_000692,1990-04-10,2024-03-25,,0932009195
693,Staff_000693,1980-12-29,2024-10-15,,0939947717
694,Staff_000694,1983-08-12,2023-04-13,,0971692937
695,Staff_000695,1991-09-03,2022-10-01,,0995660962
696,Staff_000696,2001-01-25,2024-04-28,,0959031307
697,Staff_000697,2003-09-29,2024-09-24,,0914652356
698,Staff_000698,1986-05-14,2022-11-20,,0954191299
699,Staff_000699,1989-02-19,2025-01-29,,0949816305
700,Staff_000700,1985-06-22,2025-05-17,,0915092577
701,Staff_000701,2002-08-06,2024-02-23,2024-05-08,0939538280
702,Staff_000702,2001-11-28,2022-10-10,,0942833703
703,Staff_000703,2002-12-05,2023-10-18,2024-06-21,0953085189
704,Staff_000704,2000-07-28,2022-01-30,2022-05-06,0910678388
705,Staff_000705,1991-03-10,2025-12-06,,0955025173
706,Staff_000706,1984-02-09,2022-02-11,,0917245553
707,Staff_000707,1997-01-06,2025-04-30,,0938976686
708,Staff_000708,1994-10-08,2023-06-03,,0919622375
709,Staff_000709,2000-08-30,2024-08-26,,0913792572
710,Staff_000710,1995-09-03,2024-10-28,2024-12-11,0953203770
711,Staff_000711,1986-05-04,2024-10-26,,0927297559
712,Staff_000712,1989-01-31,2025-09-05,,0923613014
713,Staff_000713,1998-05-21,2023-05-07,,0961054039
714,Staff_000714,2002-08-14,2023-11-24,,0955751411
715,Staff_000715,1989-03-08,2023-10-24,,0965175003
716,Staff_000716,1989-04-29,2023-01-22,2024-08-31,0946963441
717,Staff_000717,1994-09-02,2023-07-07,,0963595041
718,Staff_000718,1989-11-27,2025-09-14,2025-12-04,0992336658
719,Staff_000719,2001-12-09,2025-03-24,,0946220795
720,Staff_000720,1990-09-11,2024-04-02,2024-09-04,0929320496
721,Staff_000721,2000-05-01,2025-01-14,,0986603286
722,Staff_000722,1998-08-17,2024-09-06,2024-12-04,0984079937
723,Staff_000723,1992-06-14,2023-11-14,2024-01-07,0938485199
724,Staff_000724,1984-07-27,2023-01-27,,0952063759
725,Staff_000725,1987-01-29,2022-01-04,,0956168629
726,Staff_000726,1996-11-30,2025-10-06,2025-11-27,0941262835
727,Staff_000727,1998-06-16,2025-05-31,2025-12-28,0978876989
728,Staff_000728,1998-04-25,2024-10-04,,0934365038
729,Staff_000729,1985-05-02,2023-02-24,,0999845249
730,Staff_000730,1986-04-29,2024-11-11,,0949021046
731,Staff_000731,2000-04-12,2025-01-11,,0984088491
732,Staff_000732,1990-12-10,2024-01-22,2025-12-26,0953381170
733,Staff_000733,1986-05-22,2022-01-07,,0941765174
734,Staff_000734,1993-08-06,2024-08-08,,0963375657
735,Staff_000735,1983-12-29,2024-01-18,2025-05-12,0992407060
736,Staff_000736,1985-04-09,2025-11-23,,0974730967
737,Staff_000737,1987-01-30,2025-03-20,,0956775995
738,Staff_000738,1984-06-20,2025-05-16,,0956408893
739,Staff_000739,2001-06-13,2022-07-15,,0991997300
740,Staff_000740,1996-01-09,2023-07-02,,0930924576
741,Staff_000741,1980-01-28,2025-03-31,,0957358433
742,Staff_000742,1996-09-03,2024-10-03,,0942106969
743,Staff_000743,1981-10-21,2025-04-29,,0923510163
744,Staff_000744,1996-10-28,2024-04-06,,0950615014
745,Staff_000745,1980-11-22,2025-12-05,,0978782337
746,Staff_000746,1997-01-12,2024-10-28,,0998818084
747,Staff_000747,1988-06-19,2025-09-25,,0976244640
748,Staff_000748,1990-05-30,2022-07-29,,0989107220
749,Staff_000749,2001-09-25,2024-04-13,,0939901516
750,Staff_000750,1996-12-28,2023-10-03,,0959969392
751,Staff_000751,2001-01-29,2024-09-28,,0945310593
752,Staff_000752,2001-03-24,2025-03-21,,0957676642
753,Staff_000753,1985-07-02,2024-03-21,,0945124298
754,Staff_000754,1985-07-09,2022-06-21,,0949683510
755,Staff_000755,1986-02-11,2025-11-01,,0994574276
756,Staff_000756,1999-12-06,2023-04-11,,0963246788
757,Staff_000757,2002-03-11,2023-08-13,2025-09-24,0987352747
758,Staff_000758,1983-07-16,2025-04-28,,0953295842
759,Staff_000759,1985-04-13,2025-09-30,,0992348364
760,Staff_000760,2001-03-22,2022-02-26,,0936701051
761,Staff_000761,1983-09-27,2024-06-16,,0953795748
762,Staff_000762,1991-12-22,2022-03-11,,0931731820
763,Staff_000763,1996-04-29,2022-10-05,2023-08-08,0928604987
764,Staff_000764,1988-11-18,2024-12-29,,0981559345
765,Staff_000765,2003-09-07,2025-01-12,,0943217329
766,Staff_000766,1985-02-06,2022-11-26,,0977676369
767,Staff_000767,2001-02-21,2024-01-31,,0920222913
768,Staff_000768,1984-10-11,2024-03-31,,0924030462
769,Staff_000769,1999-02-27,2023-02-12,,0949415184
770,Staff_000770,1993-02-21,2022-12-16,,0923691415
771,Staff_000771,1993-10-24,2023-12-25,2025-02-15,0999239484
772,Staff_000772,1998-05-25,2022-06-29,,0990367175
773,Staff_000773,1998-08-18,2023-03-31,,0946331484
774,Staff_000774,1985-03-10,2022-02-27,,0988323306
775,Staff_000775,1986-04-17,2025-11-24,,0943510472
776,Staff_000776,1989-02-16,2023-11-01,2024-12-01,0943820422
777,Staff_000777,1994-08-05,2023-05-26,,0945286415
778,Staff_000778,1988-08-31,2025-10-26,,0999346258
779,Staff_000779,1987-09-21,2024-05-31,,0935491433
780,Staff_000780,2001-07-22,2025-02-20,,0957005821
781,Staff_000781,1995-10-27,2024-09-30,,0936448532
782,Staff_000782,1992-01-12,2022-11-15,,0925698249
783,Staff_000783,1998-07-13,2022-09-17,2024-11-13,0976770068
784,Staff_000784,1983-03-16,2022-11-19,,0935050569
785,Staff_000785,1981-03-05,2024-03-11,,0915999594
786,Staff_000786,2002-08-24,2024-06-20,,0977990768
787,Staff_000787,1996-08-16,2023-08-06,,0993214208
788,Staff_000788,1985-01-15,2025-01-07,,0951747093
789,Staff_000789,1994-06-01,2022-04-14,,0982134513
790,Staff_000790,2002-04-01,2025-09-24,,0959035715
791,Staff_000791,1984-03-25,2025-07-10,,0950959543
792,Staff_000792,2001-12-13,2024-01-25,,0946016333
793,Staff_000793,1988-09-05,2023-09-13,,0979322832
794,Staff_000794,2002-12-08,2023-06-20,2025-10-29,0925060900
795,Staff_000795,1990-02-19,2022-10-17,,0973717327
796,Staff_000796,2000-03-12,2024-12-20,,0979080135
797,Staff_000797,2000-08-23,2024-01-01,,0963524202
798,Staff_000798,1982-09-03,2024-04-28,2025-03-14,0940564464
799,Staff_000799,1992-02-17,2023-03-27,,0981960063
800,Staff_000800,2002-11-19,2022-12-18,,0985352904
801,Staff_000801,1992-06-26,2022-10-25,,0973755013
802,Staff_000802,2003-07-03,2022-08-31,,0951398590
803,Staff_000803,1983-03-15,2024-07-06,2024-10-04,0975946804
804,Staff_000804,1987-08-09,2022-02-24,2022-08-12,0998935599
805,Staff_000805,1992-12-25,2022-11-04,,0999263184
806,Staff_000806,2002-10-01,2025-10-25,,0960449256
807,Staff_000807,1990-03-14,2023-07-25,,0987212555
808,Staff_000808,1986-01-06,2025-12-08,,0951197500
809,Staff_000809,2001-10-17,2024-01-03,,0935671712
810,Staff_000810,2002-02-22,2024-03-14,,0939215786
811,Staff_000811,2002-08-13,2025-03-22,,0980356109
812,Staff_000812,1991-01-19,2022-01-17,,0990646340
813,Staff_000813,1982-08-17,2024-05-01,,0937308501
814,Staff_000814,1980-11-30,2022-03-10,,0973729907
815,Staff_000815,1985-06-26,2024-12-08,,0913213450
816,Staff_000816,1995-08-05,2022-09-16,,0960809544
817,Staff_000817,1994-08-29,2025-07-03,2025-12-27,0956086574
818,Staff_000818,1984-03-19,2024-03-20,,0981095638
819,Staff_000819,1997-04-30,2023-09-19,,0995513630
820,Staff_000820,1996-05-27,2022-06-30,2023-11-09,0980899720
821,Staff_000821,1982-05-16,2024-01-04,2024-09-17,0929390800
822,Staff_000822,2002-09-26,2024-06-23,,0988603206
823,Staff_000823,2002-02-27,2022-10-17,,0959462967
824,Staff_000824,1982-08-30,2023-12-05,,0930972036
825,Staff_000825,1985-07-05,2022-07-17,,0937242651
826,Staff_000826,1993-10-30,2022-10-19,,0925823304
827,Staff_000827,1986-10-14,2024-12-07,,0936811880
828,Staff_000828,1990-11-10,2023-05-26,,0977038394
829,Staff_000829,1999-12-25,2024-10-26,,0955550523
830,Staff_000830,1991-01-19,2024-08-29,,0984028939
831,Staff_000831,1985-01-31,2024-09-28,,0946699861
832,Staff_000832,1997-09-04,2025-11-08,,0967191138
833,Staff_000833,2000-04-28,2022-04-12,,0937328906
834,Staff_000834,1985-05-23,2025-10-02,2025-11-17,0994049989
835,Staff_000835,1987-01-23,2025-04-01,,0934894468
836,Staff_000836,2003-04-13,2024-03-24,,0959555738
837,Staff_000837,1996-05-09,2023-11-16,,0946845309
838,Staff_000838,1987-02-19,2023-07-27,,0950618036
839,Staff_000839,1981-05-15,2023-06-18,,0989794533
840,Staff_000840,1985-05-31,2024-12-03,,0923173344
841,Staff_000841,1996-07-24,2025-07-02,,0948918750
842,Staff_000842,1985-10-20,2025-03-01,,0961909452
843,Staff_000843,2003-04-03,2022-04-02,2025-10-25,0949522050
844,Staff_000844,1987-09-18,2023-01-11,2025-05-15,0911405513
845,Staff_000845,1988-04-04,2022-04-17,,0943875301
846,Staff_000846,1993-11-23,2023-04-13,,0992582845
847,Staff_000847,1988-01-14,2023-04-03,,0961730294
848,Staff_000848,1984-02-20,2024-03-27,2025-08-29,0922386339
849,Staff_000849,2001-07-10,2023-10-10,,0936746515
850,Staff_000850,2003-07-17,2023-08-06,,0987950775
851,Staff_000851,1993-08-24,2022-03-02,,0979768408
852,Staff_000852,1983-08-15,2022-04-10,,0961747325
853,Staff_000853,1996-04-08,2024-03-18,,0988662199
854,Staff_000854,2000-06-17,2022-08-21,,0948996048
855,Staff_000855,2001-07-04,2022-04-04,,0982643823
856,Staff_000856,1987-12-18,2025-08-10,,0919191208
857,Staff_000857,1986-04-30,2022-04-13,,0935833226
858,Staff_000858,1981-03-05,2023-09-30,2025-05-03,0981151138
859,Staff_000859,1987-09-14,2025-05-30,2025-12-20,0951469108
860,Staff_000860,1983-09-30,2023-04-28,,0930282276
861,Staff_000861,1993-02-26,2022-11-04,,0935487194
862,Staff_000862,1993-06-29,2022-07-05,,0960046933
863,Staff_000863,1990-04-10,2022-01-19,,0950459081
864,Staff_000864,1997-06-23,2025-06-28,,0961372043
865,Staff_000865,1987-12-30,2023-04-09,2023-05-26,0923666005
866,Staff_000866,1982-09-25,2023-01-20,,0977798999
867,Staff_000867,1998-11-27,2024-05-22,2025-02-18,0928194918
868,Staff_000868,1989-12-18,2023-12-25,,0962646079
869,Staff_000869,1986-11-25,2024-08-15,,0943403891
870,Staff_000870,1997-04-20,2023-07-16,,0920707635
871,Staff_000871,1980-09-21,2023-11-08,,0932583000
872,Staff_000872,2002-02-21,2024-05-12,,0961856782
873,Staff_000873,1998-07-28,2022-12-24,2024-06-29,0932621981
874,Staff_000874,1986-04-12,2023-06-03,,0967256459
875,Staff_000875,1987-05-30,2022-07-02,,0922601370
876,Staff_000876,2001-12-05,2024-09-24,,0929963272
877,Staff_000877,1981-05-05,2023-10-16,,0961606423
878,Staff_000878,1995-05-17,2025-06-01,,0947101798
879,Staff_000879,1997-06-12,2023-01-12,,0919133669
880,Staff_000880,1989-04-23,2022-08-10,,0989119708
881,Staff_000881,1982-12-24,2024-02-17,,0972509532
882,Staff_000882,1980-05-03,2025-03-16,,0959800861
883,Staff_000883,1985-07-18,2024-02-20,,0999480120
884,Staff_000884,1997-08-27,2025-10-12,2025-12-22,0955083886
885,Staff_000885,1981-12-20,2025-03-22,,0973674016
886,Staff_000886,1995-08-24,2025-03-22,,0923293970
887,Staff_000887,1980-04-03,2024-02-16,,0915100682
888,Staff_000888,1999-05-02,2022-06-15,2023-05-30,0971154066
889,Staff_000889,1986-12-22,2024-07-19,,0931701305
890,Staff_000890,1998-11-19,2024-09-19,,0942989974
891,Staff_000891,1993-09-11,2023-02-22,,0910031612
892,Staff_000892,1996-07-18,2025-11-02,,0958330511
893,Staff_000893,1998-06-26,2022-08-20,,0929233591
894,Staff_000894,1989-06-01,2025-12-21,,0959301979
895,Staff_000895,2000-04-26,2025-05-19,,0926446706
896,Staff_000896,1989-02-13,2022-09-02,,0952039567
897,Staff_000897,1983-06-20,2025-08-24,,0942275252
898,Staff_000898,1994-03-21,2025-05-13,,0993842102
899,Staff_000899,1999-09-15,2022-08-29,2023-04-25,0948064325
900,Staff_000900,1986-09-17,2022-01-21,,0932453293
901,Staff_000901,1997-05-27,2022-06-22,,0955926868
902,Staff_000902,1991-06-14,2025-05-11,2025-08-14,0942853364
903,Staff_000903,1992-07-20,2022-05-07,2025-09-09,0929001535
904,Staff_000904,1996-11-23,2024-07-05,,0951366054
905,Staff_000905,1999-09-14,2024-06-28,,0971129668
906,Staff_000906,1994-09-26,2025-10-04,,0944462827
907,Staff_000907,2000-10-12,2022-12-24,,0943198312
908,Staff_000908,1994-12-15,2025-04-01,,0975707323
909,Staff_000909,1995-08-08,2025-01-14,,0910117628
910,Staff_000910,1986-04-15,2025-09-14,,0946086787
911,Staff_000911,1992-08-08,2023-03-20,,0941391892
912,Staff_000912,1989-05-27,2023-10-10,,0972949938
913,Staff_000913,1991-10-07,2025-07-20,,0930276366
914,Staff_000914,1988-05-19,2025-10-28,,0955127641
915,Staff_000915,1984-07-05,2022-01-16,,0968370593
916,Staff_000916,1998-12-20,2023-11-28,2025-05-25,0943552344
917,Staff_000917,2001-02-04,2022-10-02,,0979511799
918,Staff_000918,2003-07-09,2023-11-08,2025-10-23,0913770851
919,Staff_000919,1982-04-27,2025-07-25,,0979820294
920,Staff_000920,1984-04-06,2023-10-02,,0930302186
921,Staff_000921,2001-04-21,2022-08-19,,0964596010
922,Staff_000922,1994-10-25,2025-03-03,,0911483450
923,Staff_000923,1983-11-06,2023-11-01,,0977427569
924,Staff_000924,2001-04-11,2025-03-09,,0992918668
925,Staff_000925,1996-10-20,2023-03-31,,0960655747
926,Staff_000926,1988-04-05,2025-01-20,,0933719936
927,Staff_000927,1982-10-18,2022-06-01,,0922093659
928,Staff_000928,1987-08-31,2022-05-17,,0978065845
929,Staff_000929,1993-03-28,2023-09-05,,0958851067
930,Staff_000930,1989-11-13,2023-03-08,2023-04-28,0937778911
931,Staff_000931,1998-12-24,2025-01-09,,0981027460
932,Staff_000932,1986-01-16,2023-04-18,,0966116417
933,Staff_000933,1994-06-17,2023-02-03,,0990774199
934,Staff_000934,1993-11-17,2024-08-31,,0915069452
935,Staff_000935,1998-01-27,2022-12-15,,0949839355
936,Staff_000936,1999-09-25,2024-08-19,,0960705324
937,Staff_000937,2002-09-06,2024-07-28,,0932155367
938,Staff_000938,1994-10-03,2025-01-05,,0928241582
939,Staff_000939,1985-01-12,2023-02-22,,0967846286
940,Staff_000940,1986-03-06,2024-09-25,,0997629471
941,Staff_000941,1984-01-16,2023-04-02,2025-06-08,0957627409
942,Staff_000942,2002-06-06,2025-11-11,,0985570868
943,Staff_000943,1996-07-22,2024-11-24,,0963471438
944,Staff_000944,1986-06-08,2025-04-24,,0963709644
945,Staff_000945,2003-10-27,2023-07-29,,0937652831
946,Staff_000946,1988-08-21,2025-01-12,,0976414833
947,Staff_000947,1999-02-23,2023-12-10,,0926877926
948,Staff_000948,1988-07-17,2025-08-08,,0948802953
949,Staff_000949,2000-07-31,2024-08-29,,0988081518
950,Staff_000950,1983-02-23,2022-10-30,,0967241639
951,Staff_000951,1994-09-26,2025-08-12,,0972337355
952,Staff_000952,1990-04-11,2022-10-03,,0941590703
953,Staff_000953,1983-03-11,2025-12-18,,0936601478
954,Staff_000954,2001-08-12,2024-03-22,,0978091171
955,Staff_000955,1987-12-11,2024-12-25,,0922034043
956,Staff_000956,2001-10-29,2025-08-19,,0956815992
957,Staff_000957,1991-04-05,2022-01-21,2025-02-02,0957941044
958,Staff_000958,1982-09-07,2024-07-06,,0973939825
959,Staff_000959,1994-07-18,2025-11-02,,0950129926
960,Staff_000960,1995-08-06,2023-03-14,2024-05-12,0975141761
961,Staff_000961,1999-09-10,2024-05-17,,0974394079
962,Staff_000962,1983-10-07,2024-01-20,,0961160579
963,Staff_000963,1992-07-31,2025-08-27,,0970734707
964,Staff_000964,1982-02-05,2023-03-29,2024-12-24,0948647639
965,Staff_000965,1995-03-02,2024-08-06,,0944578205
966,Staff_000966,2002-01-27,2024-10-26,,0920609843
967,Staff_000967,1985-01-05,2023-02-02,,0975438723
968,Staff_000968,1998-06-18,2023-12-17,2025-03-16,0967834004
969,Staff_000969,2002-02-16,2023-03-30,,0966086422
970,Staff_000970,1988-06-28,2023-02-07,,0924594037
971,Staff_000971,1995-04-21,2025-02-09,,0923776168
972,Staff_000972,1982-01-31,2023-10-30,,0968881836
973,Staff_000973,1998-05-07,2025-10-08,,0919726645
974,Staff_000974,1988-12-01,2025-07-31,,0967431462
975,Staff_000975,1985-04-24,2024-10-11,,0927968532
976,Staff_000976,2003-02-02,2022-08-10,,0944495386
977,Staff_000977,1989-06-14,2023-08-01,,0995126210
978,Staff_000978,2000-06-08,2024-05-09,,0966760601
979,Staff_000979,2001-04-26,2024-02-17,,0945938349
980,Staff_000980,2002-03-07,2025-10-25,,0964258845
981,Staff_000981,1981-12-25,2023-11-27,,0934766133
982,Staff_000982,1980-02-05,2022-03-18,,0929235427
983,Staff_000983,1990-05-31,2022-08-04,2024-08-12,0915675778
984,Staff_000984,2003-06-03,2024-03-18,,0955700372
985,Staff_000985,1980-12-25,2025-03-13,,0943848771
986,Staff_000986,1988-07-26,2024-07-26,,0997579589
987,Staff_000987,1980-05-05,2025-04-22,,0986767747
988,Staff_000988,1998-06-22,2022-03-30,,0927056049
989,Staff_000989,1986-11-26,2024-08-26,,0972361800
990,Staff_000990,1982-01-01,2022-07-08,,0972469885
991,Staff_000991,1986-06-05,2024-08-24,,0977225992
992,Staff_000992,1999-09-25,2025-03-26,,0957590361
993,Staff_000993,1980-04-24,2022-06-12,2025-10-15,0962465422
994,Staff_000994,1987-12-11,2024-05-27,,0963437480
995,Staff_000995,1998-08-15,2022-09-18,,0974275307
996,Staff_000996,1982-06-03,2024-06-13,2024-08-11,0950023286
997,Staff_000997,1997-08-16,2025-07-24,,0927317773
998,Staff_000998,1985-11-24,2024-05-12,,0920902880
999,Staff_000999,1995-02-16,2025-12-21,,0996457737
1000,Staff_001000,1994-03-28,2022-11-08,,0964967714
